tgl;no;nobatch;kode;nopallet;qty
2023-01-31 08:00:00;1;226121201;A.007.02;J02-C1-42;322
2023-01-31 08:00:00;2;223020701;B.011.01;J02-H0-37;1945
2023-01-31 08:00:00;3;25910719;D.007.01;J02-D3-39;14800
2023-01-31 08:00:00;4;214020908;D.008.01;J02-D3-40;9100
2023-01-31 08:00:00;5;127910246;D.010.01;J02-D3-41;1900
2023-01-31 08:00:00;6;149910805;B.010.01;J02-H0-34;116
2023-01-31 08:00:00;7;149910806;B.010.01;J02-H0-34;144
2023-01-31 08:00:00;8;149910807;B.010.01;J02-H0-34;144
2023-01-31 08:00:00;9;149910808;B.010.01;J02-H0-34;144
2023-01-31 08:00:00;10;149910809;B.010.01;J02-H0-34;144
2023-01-31 08:00:00;11;149121001;B.010.01;J02-H0-34;255
2023-01-31 08:00:00;12;149121002;B.010.01;J02-H0-34;1903
2023-01-31 08:00:00;13;153220201;D.005.01;J02-F0-35;1091
2023-01-31 08:00:00;14;153220201;D.005.01;J02-F0-38;10800
2023-01-31 08:00:00;15;153220201;D.005.01;J02-F0-39;14400
2023-01-31 08:00:00;16;153220201;D.005.01;J02-F0-40;14400
2023-01-31 08:00:00;17;153220201;D.005.01;J02-F0-41;12140
2023-01-31 08:00:00;18;153220202;D.005.01;J02-F0-41;2260
2023-01-31 08:00:00;19;153220202;D.005.01;J02-F0-42;14400
2023-01-31 08:00:00;20;149910707;B.010.01;J02-H0-33;144
2023-01-31 08:00:00;21;149910805;B.010.01;J02-H0-33;652
2023-01-31 08:00:00;22;149910806;B.010.01;J02-H0-33;1220
2023-01-31 08:00:00;23;149910807;B.010.01;J02-H0-33;288
2023-01-31 08:00:00;24;149910808;B.010.01;J02-H0-33;288
2023-01-31 08:00:00;25;149910809;B.010.01;J02-H0-33;288
2023-01-31 08:00:00;26;149910804;B.010.01;J02-H0-35;1301
2023-01-31 08:00:00;27;149910805;B.010.01;J02-H0-35;715
2023-01-31 08:00:00;28;149910805;B.010.01;J02-H0-36;144
2023-01-31 08:00:00;29;149910806;B.010.01;J02-H0-36;144
2023-01-31 08:00:00;30;149910807;B.010.01;J02-H0-36;1494
2023-01-31 08:00:00;31;149910808;B.010.01;J02-H0-36;1530
2023-01-31 08:00:00;32;149910809;B.010.01;J02-H0-36;1008
2023-01-31 08:00:00;33;149811006;B.010.02;J02-H2-33;769
2023-01-31 08:00:00;34;149910706;B.010.02;J02-H2-34;1368
2023-01-31 08:00:00;35;149910706;B.010.02;J02-H2-35;1464
2023-01-31 08:00:00;36;149910706;B.010.02;J02-H2-36;58
2023-01-31 08:00:00;37;149910708;B.010.02;J02-H2-36;1382
2023-01-31 08:00:00;38;149910708;B.010.02;J02-H2-37;1440
2023-01-31 08:00:00;39;149910708;B.010.02;J02-H2-38;36
2023-01-31 08:00:00;40;149910812;B.010.02;J02-H2-38;612
2023-01-31 08:00:00;41;149911001;B.010.02;J02-H2-39;1440
2023-01-31 08:00:00;42;149910812;B.010.02;J02-H2-40;21
2023-01-31 08:00:00;43;149911001;B.010.02;J02-H2-40;1419
2023-01-31 08:00:00;44;149911001;B.010.02;J02-H2-41;9
2023-01-31 08:00:00;45;149911002;B.010.02;J02-H2-41;1431
2023-01-31 08:00:00;46;149911002;B.010.02;J02-H2-42;1440
2023-01-31 08:00:00;47;149911002;B.010.02;J02-H2-43;7
2023-01-31 08:00:00;48;149911003;B.010.02;J02-H2-43;65
2023-01-31 08:00:00;49;149020302;B.010.02;J02-H2-43;1368
2023-01-31 08:00:00;50;149020302;B.010.02;J02-H2-44;1112
2023-01-31 08:00:00;51;30020801;B.004.01;J02-H1-39;143
2023-01-31 08:00:00;52;30220301;B.004.01;J02-H1-39;2391
2023-01-31 08:00:00;53;231220201;B.002.01;J02-H1-38;655
2023-01-31 08:00:00;54;232220201;B.001.01;J02-H1-37;3
2023-01-31 08:00:00;55;232220801;B.001.01;J02-H1-37;1397
2023-01-31 08:00:00;56;183220701;B.008.01;J02-H1-33;67
2023-01-31 08:00:00;57;104120602;B.007.03;J02-H1-34;480
2023-01-31 08:00:00;58;104021102;B.007.03;J02-H1-34;228
2023-01-31 08:00:00;59;98220701;B.007.02;J02-H1-35;12
2023-01-31 08:00:00;60;193911201;B.007.01;J02-H1-36;348
2023-01-31 08:00:00;61;193120603;B.007.01;J02-H1-36;288
2023-01-31 08:00:00;62;153220401;D.005.01;J02-F1-31;12400
2023-01-31 08:00:00;63;153220601;D.005.01;J02-F1-31;2000
2023-01-31 08:00:00;64;153220401;D.005.01;J02-F1-32;14400
2023-01-31 08:00:00;65;153220401;D.005.01;J02-F1-33;14400
2023-01-31 08:00:00;66;153220401;D.005.01;J02-F1-34;14400
2023-01-31 08:00:00;67;153220202;D.005.01;J02-F1-35;3320
2023-01-31 08:00:00;68;153220401;D.005.01;J02-F1-35;11080
2023-01-31 08:00:00;69;153220202;D.005.01;J02-F1-36;14400
2023-01-31 08:00:00;70;153220202;D.005.01;J02-F1-37;14400
2023-01-31 08:00:00;71;153220202;D.005.01;J02-F1-38;14400
2023-01-31 08:00:00;72;153220202;D.005.01;J02-F1-39;14400
2023-01-31 08:00:00;73;153220202;D.005.01;J02-F1-40;8400
2023-01-31 08:00:00;74;153220202;D.005.01;J02-F1-41;14400
2023-01-31 08:00:00;75;153220202;D.005.01;J02-F1-42;14400
2023-01-31 08:00:00;76;153220601;D.005.01;J02-F2-31;14400
2023-01-31 08:00:00;77;153220601;D.005.01;J02-F2-32;14400
2023-01-31 08:00:00;78;153220601;D.005.01;J02-F2-33;14400
2023-01-31 08:00:00;79;153220601;D.005.01;J02-F2-34;7200
2023-01-31 08:00:00;80;153220602;D.005.01;J02-F2-34;7200
2023-01-31 08:00:00;81;153220601;D.005.01;J02-F2-35;4660
2023-01-31 08:00:00;82;153220602;D.005.01;J02-F2-35;3740
2023-01-31 08:00:00;83;153220602;D.005.01;J02-F2-36;14400
2023-01-31 08:00:00;84;153220602;D.005.01;J02-F2-38;14400
2023-01-31 08:00:00;85;153220602;D.005.01;J02-F2-37;14400
2023-01-31 08:00:00;86;153220602;D.005.01;J02-F2-39;9500
2023-01-31 08:00:00;87;153220603;D.005.01;J02-F2-39;4900
2023-01-31 08:00:00;88;153220603;D.005.01;J02-F2-40;14400
2023-01-31 08:00:00;89;153220603;D.005.01;J02-F2-41;14400
2023-01-31 08:00:00;90;73220404;D.002.02;J02-F1-26;8400
2023-01-31 08:00:00;91;73220404;D.002.02;J02-F1-27;14400
2023-01-31 08:00:00;92;73220602;D.002.02;J02-F2-01;14400
2023-01-31 08:00:00;93;73220602;D.002.02;J02-F2-02;13430
2023-01-31 08:00:00;94;73220601;D.002.02;J02-F2-03;14400
2023-01-31 08:00:00;95;73220601;D.002.02;J02-F2-04;14400
2023-01-31 08:00:00;96;73220601;D.002.02;J02-F2-05;14400
2023-01-31 08:00:00;97;73220601;D.002.02;J02-F2-06;14400
2023-01-31 08:00:00;98;73220601;D.002.02;J02-F2-07;14400
2023-01-31 08:00:00;99;73220601;D.002.02;J02-F2-08;14400
2023-01-31 08:00:00;100;73220601;D.002.02;J02-F2-09;14400
2023-01-31 08:00:00;101;73220601;D.002.02;J02-F2-10;14400
2023-01-31 08:00:00;102;73220601;D.002.02;J02-F2-11;14400
2023-01-31 08:00:00;103;73220601;D.002.02;J02-F2-02;970
2023-01-31 08:00:00;104;73220501;D.002.02;J02-F2-12;14400
2023-01-31 08:00:00;105;73220501;D.002.02;J02-F2-13;14400
2023-01-31 08:00:00;106;73220501;D.002.02;J02-F2-14;12000
2023-01-31 08:00:00;107;73220501;D.002.02;J02-F2-15;14400
2023-01-31 08:00:00;108;73220405;D.002.02;J02-F2-16;14400
2023-01-31 08:00:00;109;73220501;D.002.02;J02-F2-17;14400
2023-01-31 08:00:00;110;73220405;D.002.02;J02-F2-18;12880
2023-01-31 08:00:00;111;73220501;D.002.02;J02-F2-18;1520
2023-01-31 08:00:00;112;73220405;D.002.02;J02-F2-19;14400
2023-01-31 08:00:00;113;73220405;D.002.02;J02-F2-20;14400
2023-01-31 08:00:00;114;73220602;D.002.02;J02-F3-01;14400
2023-01-31 08:00:00;115;73220602;D.002.02;J02-F3-02;14400
2023-01-31 08:00:00;116;73220602;D.002.02;J02-F3-03;14400
2023-01-31 08:00:00;117;73220602;D.002.02;J02-F3-04;14400
2023-01-31 08:00:00;118;73220602;D.002.02;J02-F3-05;2760
2023-01-31 08:00:00;119;73220603;D.002.02;J02-F3-05;11640
2023-01-31 08:00:00;120;73220603;D.002.02;J02-F3-07;14400
2023-01-31 08:00:00;121;73220603;D.002.02;J02-F3-08;14400
2023-01-31 08:00:00;122;73220603;D.002.02;J02-F3-09;14400
2023-01-31 08:00:00;123;73220603;D.002.02;J02-F3-10;14400
2023-01-31 08:00:00;124;73220603;D.002.02;J02-F3-11;14400
2023-01-31 08:00:00;125;73220603;D.002.02;J02-F3-12;6090
2023-01-31 08:00:00;126;73220604;D.002.02;J02-F3-12;8310
2023-01-31 08:00:00;127;73220604;D.002.02;J02-F3-13;14400
2023-01-31 08:00:00;128;73220604;D.002.02;J02-F3-14;14400
2023-01-31 08:00:00;129;95220301;D.004.01;J02-G2-23;9
2023-01-31 08:00:00;130;95220301;D.004.01;J02-G2-22;8050
2023-01-31 08:00:00;131;95220301;D.004.01;J02-G2-21;14400
2023-01-31 08:00:00;132;95220302;D.004.01;J02-G2-20;14400
2023-01-31 08:00:00;133;95220302;D.004.01;J02-G2-19;14400
2023-01-31 08:00:00;134;95220301;D.004.01;J02-G1-23;8400
2023-01-31 08:00:00;135;95220302;D.004.01;J02-G2-17;14400
2023-01-31 08:00:00;136;95220302;D.004.01;J02-G2-16;14400
2023-01-31 08:00:00;137;95220302;D.004.01;J02-G2-15;14400
2023-01-31 08:00:00;138;95220302;D.004.01;J02-G2-14;14400
2023-01-31 08:00:00;139;95220302;D.004.01;J02-G2-13;14400
2023-01-31 08:00:00;140;95220302;D.004.01;J02-G2-12;14400
2023-01-31 08:00:00;141;95220302;D.004.01;J02-G2-11;14400
2023-01-31 08:00:00;142;95220302;D.004.01;J02-G2-10;14400
2023-01-31 08:00:00;143;95220302;D.004.01;J02-G2-09;14400
2023-01-31 08:00:00;144;95220302;D.004.01;J02-G2-08;14400
2023-01-31 08:00:00;145;95220302;D.004.01;J02-G2-07;14400
2023-01-31 08:00:00;146;95220302;D.004.01;J02-G2-06;9720
2023-01-31 08:00:00;147;95220401;D.004.01;J02-G2-06;4680
2023-01-31 08:00:00;148;95220401;D.004.01;J02-G2-05;14400
2023-01-31 08:00:00;149;95220401;D.004.01;J02-G2-04;12000
2023-01-31 08:00:00;150;149910904;B.010.03;J02-H0-39;1417
2023-01-31 08:00:00;151;149910905;B.010.03;J02-H0-39;40
2023-01-31 08:00:00;152;149910904;B.010.03;J02-H0-38;360
2023-01-31 08:00:00;153;149910905;B.010.03;J02-H0-38;1020
2023-01-31 08:00:00;154;140020701;A.007.01;J02-C1-40;1051
2023-01-31 08:00:00;155;140121201;A.007.01;J02-C1-40;600
2023-01-31 08:00:00;156;179220301;A.009.01;J02-C3-32;6
2023-01-31 08:00:00;157;73220405;D.002.02;J02-F2-21;14400
2023-01-31 08:00:00;158;73220405;D.002.02;J02-F2-22;14400
2023-01-31 08:00:00;159;73220405;D.002.02;J02-F2-23;14400
2023-01-31 08:00:00;160;73220404;D.002.02;J02-F2-24;11710
2023-01-31 08:00:00;161;73220405;D.002.02;J02-F2-24;2690
2023-01-31 08:00:00;162;73220404;D.002.02;J02-F2-25;14400
2023-01-31 08:00:00;163;213020301;B.008.03;J02-H2-31;600
2023-01-31 08:00:00;164;213020603;B.008.03;J02-H2-31;3350
2023-01-31 08:00:00;165;9220608;G.001.06;J02-G0-17;432
2023-01-31 08:00:00;166;9220622;G.001.06;J02-G0-17;69
2023-01-31 08:00:00;167;39121201;I.002.03;J02-G0-18;997
2023-01-31 08:00:00;168;18121102;I.002.01;J02-G0-19;55
2023-01-31 08:00:00;169;18121103;I.002.01;J02-G0-19;17
2023-01-31 08:00:00;170;19121202;I.002.02;J02-G0-20;447
2023-01-31 08:00:00;171;73220404;D.002.02;J02-F2-26;14400
2023-01-31 08:00:00;172;73220404;D.002.02;J02-F2-27;14400
2023-01-31 08:00:00;173;95220301;D.004.01;J02-G2-18;12880
2023-01-31 08:00:00;174;95220302;D.004.01;J02-G2-18;1520
2023-01-31 08:00:00;175;142121201;B.005.01;J02-H1-40;9
2023-01-31 08:00:00;176;232020701;B.001.01;J02-H1-37;9
2023-01-31 08:00:00;177;231021202;B.002.01;J02-H1-38;1
2023-01-31 08:00:00;178;179020401;A.009.01;J02-C3-32;446
2023-01-31 08:00:00;179;73220602;D.002.02;J02-F3-06;14400
2023-01-31 08:00:00;180;94121101;I.001.03;J02-G0-26;48
2023-01-31 08:00:00;181;94121101;I.001.03;J02-G0-27;1584
2023-01-31 08:00:00;182;16220902;K.001.01;J02-H0-27;576
2023-01-31 08:00:00;183;16220902;K.001.01;J02-H0-28;288
2023-01-31 08:00:00;184;16220902;K.001.01;J02-H0-29;19
2023-01-31 08:00:00;185;16220903;K.001.01;J02-H0-29;1709
2023-01-31 08:00:00;186;24120802;B.009.01;J02-H0-44;1493
2023-01-31 08:00:00;187;24120901;B.009.01;J02-H0-44;1522
2023-01-31 08:00:00;188;50020102;B.003.01;J02-H1-41;1073
2023-01-31 08:00:00;189;50120902;B.003.01;J02-H1-41;56
2023-01-31 08:00:00;190;117020801;K.006.01;J02-G0-31;146
2023-01-31 08:00:00;191;117120301;K.006.01;J02-G0-31;567
2023-01-31 08:00:00;192;117120502;K.006.01;J02-G0-31;288
2023-01-31 08:00:00;193;117020801;K.006.02;J02-G0-32;3969
2023-01-31 08:00:00;194;117020802;K.006.02;J02-G0-33;3456
2023-01-31 08:00:00;195;183020601;B.008.01;J02-H1-33;12
2023-01-31 08:00:00;196;183020602;B.008.01;J02-H1-33;28
2023-01-31 08:00:00;197;213910202;B.008.03;J02-H2-31;372
2023-01-31 08:00:00;198;16220904;K.001.01;J02-H1-27;1728
2023-01-31 08:00:00;199;16220904;K.001.01;J02-H1-28;1728
2023-01-31 08:00:00;200;16220903;K.001.01;J02-H1-29;1669
2023-01-31 08:00:00;201;16220904;K.001.01;J02-H1-29;59
2023-01-31 08:00:00;202;37220201;A.003.01;J02-C3-33;2123
2023-01-31 08:00:00;203;235121001;K.002.01;J02-G1-33;576
2023-01-31 08:00:00;204;235121002;K.002.01;J02-G1-33;864
2023-01-31 08:00:00;205;235121002;K.002.01;J02-G1-34;1728
2023-01-31 08:00:00;206;235121002;K.002.01;J02-G1-35;1728
2023-01-31 08:00:00;207;235121002;K.002.01;J02-G1-36;1728
2023-01-31 08:00:00;208;235121002;K.002.01;J02-G1-37;1728
2023-01-31 08:00:00;209;235121002;K.002.01;J02-G1-38;144
2023-01-31 08:00:00;210;16220904;K.001.01;J02-H1-26;28
2023-01-31 08:00:00;211;16220905;K.001.01;J02-H1-26;1700
2023-01-31 08:00:00;212;16220905;K.001.01;J02-H1-25;1728
2023-01-31 08:00:00;213;16220905;K.001.01;J02-H1-24;61
2023-01-31 08:00:00;214;16220906;K.001.01;J02-H1-24;1667
2023-01-31 08:00:00;215;16220906;K.001.01;J02-H1-23;1728
2023-01-31 08:00:00;216;23020702;K.006.03;J02-G0-34;2
2023-01-31 08:00:00;217;23020807;K.006.03;J02-G0-34;17
2023-01-31 08:00:00;218;23120805;K.006.03;J02-G0-34;86
2023-01-31 08:00:00;219;23120806;K.006.03;J02-G0-34;194
2023-01-31 08:00:00;220;23120807;K.006.03;J02-G0-34;148
2023-01-31 08:00:00;221;120020412;K.006.04;J02-G0-35;6
2023-01-31 08:00:00;222;120020413;K.006.04;J02-G0-35;268
2023-01-31 08:00:00;223;120020414;K.006.04;J02-G0-35;293
2023-01-31 08:00:00;224;120020413;K.006.04;J02-G0-36;372
2023-01-31 08:00:00;225;118020314;K.006.05;J02-G0-37;16
2023-01-31 08:00:00;226;118020404;K.006.05;J02-G0-37;1
2023-01-31 08:00:00;227;118020601;K.006.05;J02-G0-37;30
2023-01-31 08:00:00;228;39121201;K.003.01;J02-G0-38;480
2023-01-31 08:00:00;229;160610201;K.003.01;J02-G0-38;13
2023-01-31 08:00:00;230;84610201;K.003.02;J02-G0-39;59
2023-01-31 08:00:00;231;84911101;K.003.02;J02-G0-39;96
2023-01-31 08:00:00;232;85910601;K.003.03;J02-G0-40;1081
2023-01-31 08:00:00;233;26220704;A.008.01;J02-C2-09;4
2023-01-31 08:00:00;234;73220604;D.002.02;J02-F3-15;14400
2023-01-31 08:00:00;235;73220604;D.002.02;J02-F3-16;14400
2023-01-31 08:00:00;236;73220604;D.002.02;J02-F3-17;14400
2023-01-31 08:00:00;237;73220604;D.002.02;J02-F3-18;12500
2023-01-31 08:00:00;238;73220605;D.002.02;J02-F3-18;1900
2023-01-31 08:00:00;239;73220605;D.002.02;J02-F3-19;14400
2023-01-31 08:00:00;240;73220605;D.002.02;J02-F3-20;14400
2023-01-31 08:00:00;241;73220605;D.002.02;J02-F3-21;14400
2023-01-31 08:00:00;242;73220605;D.002.02;J02-F3-22;2400
2023-01-31 08:00:00;243;16220906;K.001.01;J02-H1-22;64
2023-01-31 08:00:00;244;16220907;K.001.01;J02-H1-22;1664
2023-01-31 08:00:00;245;16220907;K.001.01;J02-H1-21;1728
2023-01-31 08:00:00;246;13220902;D.003.01;J02-G1-06;96100
2023-01-31 08:00:00;247;13220903;D.003.01;J02-G1-06;153900
2023-01-31 08:00:00;248;13220903;D.003.01;J02-G1-07;250000
2023-01-31 08:00:00;249;13220903;D.003.01;J02-G1-08;250000
2023-01-31 08:00:00;250;13220902;D.003.01;J02-F1-06;9800
2023-01-31 08:00:00;251;13220902;D.003.01;J02-F1-07;200000
2023-01-31 08:00:00;252;13220902;D.003.01;J02-F1-08;250000
2023-01-31 08:00:00;253;13220903;D.003.01;J02-G1-01;250000
2023-01-31 08:00:00;254;13220903;D.003.01;J02-G1-02;250000
2023-01-31 08:00:00;255;13220903;D.003.01;J02-G1-03;250000
2023-01-31 08:00:00;256;13220903;D.003.01;J02-G1-04;250000
2023-01-31 08:00:00;257;13220903;D.003.01;J02-G1-05;250000
2023-01-31 08:00:00;258;16220907;K.001.01;J02-H1-20;169
2023-01-31 08:00:00;259;16220908;K.001.01;J02-H1-20;1559
2023-01-31 08:00:00;260;16220908;K.001.01;J02-H1-19;1728
2023-01-31 08:00:00;261;1220812;A.001.01;J02-B1-08;36000
2023-01-31 08:00:00;262;1220810;A.001.01;J02-B1-13;36000
2023-01-31 08:00:00;263;1220810;A.001.01;J02-B1-14;34000
2023-01-31 08:00:00;264;1220810;A.001.01;J02-B1-15;35000
2023-01-31 08:00:00;265;1220808;A.001.01;J02-B1-17;30000
2023-01-31 08:00:00;266;1220754;A.001.01;J02-B1-41;1000
2023-01-31 08:00:00;267;1220812;A.001.01;J02-B1-07;19000
2023-01-31 08:00:00;268;1220901;A.001.01;J02-B2-08;6000
2023-01-31 08:00:00;269;1220902;A.001.01;J02-B2-09;32424
2023-01-31 08:00:00;270;1220901;A.001.01;J02-B2-09;576
2023-01-31 08:00:00;271;1220902;A.001.01;J02-B2-10;32000
2023-01-31 08:00:00;272;1220902;A.001.01;J02-B2-11;264
2023-01-31 08:00:00;273;1220903;A.001.01;J02-B2-11;30736
2023-01-31 08:00:00;274;1220903;A.001.01;J02-B2-12;23000
2023-01-31 08:00:00;275;1220903;A.001.01;J02-B2-13;22000
2023-01-31 08:00:00;276;1220904;A.001.01;J02-B2-14;26000
2023-01-31 08:00:00;277;1220904;A.001.01;J02-B2-15;30000
2023-01-31 08:00:00;278;1220904;A.001.01;J02-B2-16;553
2023-01-31 08:00:00;279;1220905;A.001.01;J02-B2-16;32447
2023-01-31 08:00:00;280;1220905;A.001.01;J02-B2-17;32000
2023-01-31 08:00:00;281;1220905;A.001.01;J02-B2-18;963
2023-01-31 08:00:00;282;1220906;A.001.01;J02-B2-18;35037
2023-01-31 08:00:00;283;1220906;A.001.01;J02-B2-19;31000
2023-01-31 08:00:00;284;1220906;A.001.01;J02-B2-20;578
2023-01-31 08:00:00;285;1220907;A.001.01;J02-B2-20;28422
2023-01-31 08:00:00;286;1220907;A.001.01;J02-B2-21;34000
2023-01-31 08:00:00;287;1220907;A.001.01;J02-B2-22;480
2023-01-31 08:00:00;288;1220908;A.001.01;J02-B2-22;28520
2023-01-31 08:00:00;289;1220908;A.001.01;J02-B2-23;33000
2023-01-31 08:00:00;290;1220909;A.001.01;J02-B2-24;30000
2023-01-31 08:00:00;291;1220909;A.001.01;J02-B2-25;33000
2023-01-31 08:00:00;292;1220909;A.001.01;J02-B2-26;214
2023-01-31 08:00:00;293;1220910;A.001.01;J02-B2-26;33786
2023-01-31 08:00:00;294;1220910;A.001.01;J02-B2-27;29000
2023-01-31 08:00:00;295;1220910;A.001.01;J02-B2-28;841
2023-01-31 08:00:00;296;1220911;A.001.01;J02-B2-28;33159
2023-01-31 08:00:00;297;1220911;A.001.01;J02-B2-29;34000
2023-01-31 08:00:00;298;1220911;A.001.01;J02-B2-30;94
2023-01-31 08:00:00;299;1220912;A.001.01;J02-B2-30;33906
2023-01-31 08:00:00;300;1220912;A.001.01;J02-B2-31;34000
2023-01-31 08:00:00;301;1220912;A.001.01;J02-B2-32;168
2023-01-31 08:00:00;302;1220913;A.001.01;J02-B2-32;31832
2023-01-31 08:00:00;303;1220913;A.001.01;J02-B2-33;32000
2023-01-31 08:00:00;304;1220913;A.001.01;J02-B2-34;265
2023-01-31 08:00:00;305;1220914;A.001.01;J02-B2-34;29735
2023-01-31 08:00:00;306;1220914;A.001.01;J02-B2-35;36000
2023-01-31 08:00:00;307;1220914;A.001.01;J02-B2-36;205
2023-01-31 08:00:00;308;1220915;A.001.01;J02-B2-36;33795
2023-01-31 08:00:00;309;1220915;A.001.01;J02-B2-37;34000
2023-01-31 08:00:00;310;1220915;A.001.01;J02-B2-38;521
2023-01-31 08:00:00;311;1220916;A.001.01;J02-B2-38;32479
2023-01-31 08:00:00;312;1220916;A.001.01;J02-B2-39;33000
2023-01-31 08:00:00;313;1220916;A.001.01;J02-B2-40;540
2023-01-31 08:00:00;314;1220917;A.001.01;J02-B2-40;35460
2023-01-31 08:00:00;315;1220917;A.001.01;J02-B2-41;34000
2023-01-31 08:00:00;316;1220917;A.001.01;J02-B2-42;162
2023-01-31 08:00:00;317;1220918;A.001.01;J02-B2-42;30838
2023-01-31 08:00:00;318;16221001;K.001.01;J02-H1-18;1728
2023-01-31 08:00:00;319;16221002;K.001.01;J02-H1-17;1684
2023-01-31 08:00:00;320;16221001;K.001.01;J02-H1-17;44
2023-01-31 08:00:00;321;16221002;K.001.01;J02-H1-16;1728
2023-01-31 08:00:00;322;148220501;D.002.01;J02-D3-31;9700
2023-01-31 08:00:00;323;148220502;D.002.01;J02-D3-32;220000
2023-01-31 08:00:00;324;148220501;D.002.01;J02-D3-33;160000
2023-01-31 08:00:00;325;148220501;D.002.01;J02-D3-34;250000
2023-01-31 08:00:00;326;148220502;D.002.01;J02-D3-35;250000
2023-01-31 08:00:00;327;148220501;D.002.01;J02-D3-36;112000
2023-01-31 08:00:00;328;148220502;D.002.01;J02-D3-36;138000
2023-01-31 08:00:00;329;148220502;D.002.01;J02-D3-37;250000
2023-01-31 08:00:00;330;1220918;A.001.01;J02-A0-01;34000
2023-01-31 08:00:00;331;1220919;A.001.01;J02-A0-02;36000
2023-01-31 08:00:00;332;1220919;A.001.01;J02-A0-03;34000
2023-01-31 08:00:00;333;1220918;A.001.01;J02-A0-04;520
2023-01-31 08:00:00;334;1220919;A.001.01;J02-A0-04;1081
2023-01-31 08:00:00;335;1220920;A.001.01;J02-A0-04;32399
2023-01-31 08:00:00;336;1220920;A.001.01;J02-A0-05;34000
2023-01-31 08:00:00;337;1221001;A.001.01;J02-A0-08;476
2023-01-31 08:00:00;338;1221002;A.001.01;J02-A0-08;29524
2023-01-31 08:00:00;339;1221002;A.001.01;J02-A0-09;36000
2023-01-31 08:00:00;340;1221002;A.001.01;J02-A0-10;900
2023-01-31 08:00:00;341;1221003;A.001.01;J02-A0-10;32100
2023-01-31 08:00:00;342;1221003;A.001.01;J02-A0-11;35000
2023-01-31 08:00:00;343;1221003;A.001.01;J02-A0-12;628
2023-01-31 08:00:00;344;1221004;A.001.01;J02-A0-12;35372
2023-01-31 08:00:00;345;1221004;A.001.01;J02-A0-13;33000
2023-01-31 08:00:00;346;1221004;A.001.01;J02-A0-14;18
2023-01-31 08:00:00;347;1221005;A.001.01;J02-A0-14;26982
2023-01-31 08:00:00;348;1221005;A.001.01;J02-A0-15;36000
2023-01-31 08:00:00;349;1221005;A.001.01;J02-A0-16;753
2023-01-31 08:00:00;350;1221006;A.001.01;J02-A0-16;32247
2023-01-31 08:00:00;351;13220903;D.003.01;J02-D0-31;250000
2023-01-31 08:00:00;352;13220903;D.003.01;J02-D0-32;250000
2023-01-31 08:00:00;353;13220903;D.003.01;J02-D0-33;250000
2023-01-31 08:00:00;354;13220903;D.003.01;J02-D0-34;234300
2023-01-31 08:00:00;355;13220904;D.003.01;J02-D0-34;15700
2023-01-31 08:00:00;356;13220904;D.003.01;J02-D0-35;250000
2023-01-31 08:00:00;357;13220904;D.003.01;J02-D0-36;250000
2023-01-31 08:00:00;358;13220904;D.003.01;J02-D0-37;250000
2023-01-31 08:00:00;359;13220904;D.003.01;J02-D0-38;220000
2023-01-31 08:00:00;360;13220904;D.003.01;J02-D0-39;250000
2023-01-31 08:00:00;361;13220904;D.003.01;J02-D0-40;250000
2023-01-31 08:00:00;362;13220904;D.003.01;J02-D0-41;250000
2023-01-31 08:00:00;363;13220904;D.003.01;J02-D0-42;250000
2023-01-31 08:00:00;364;13220904;D.003.01;J02-D1-41;73100
2023-01-31 08:00:00;365;13221001;D.003.01;J02-D1-41;176900
2023-01-31 08:00:00;366;13220904;D.003.01;J02-D1-42;250000
2023-01-31 08:00:00;367;13221001;D.003.01;J02-D1-40;250000
2023-01-31 08:00:00;368;13221001;D.003.01;J02-D1-39;250000
2023-01-31 08:00:00;369;13221001;D.003.01;J02-D1-38;250000
2023-01-31 08:00:00;370;13221001;D.003.01;J02-D1-37;250000
2023-01-31 08:00:00;371;13221001;D.003.01;J02-D1-36;250000
2023-01-31 08:00:00;372;13221001;D.003.01;J02-D1-35;250000
2023-01-31 08:00:00;373;13221001;D.003.01;J02-D1-34;250000
2023-01-31 08:00:00;374;13221001;D.003.01;J02-D1-33;250000
2023-01-31 08:00:00;375;13221001;D.003.01;J02-D1-32;243000
2023-01-31 08:00:00;376;13221002;D.003.01;J02-D1-32;7000
2023-01-31 08:00:00;377;13221002;D.003.01;J02-D1-31;250000
2023-01-31 08:00:00;378;13221002;D.003.01;J02-D2-31;250000
2023-01-31 08:00:00;379;13221002;D.003.01;J02-D2-32;250000
2023-01-31 08:00:00;380;13221002;D.003.01;J02-D2-33;250000
2023-01-31 08:00:00;381;13221002;D.003.01;J02-D2-34;250000
2023-01-31 08:00:00;382;13221002;D.003.01;J02-D2-35;250000
2023-01-31 08:00:00;383;13221002;D.003.01;J02-D2-36;250000
2023-01-31 08:00:00;384;13221002;D.003.01;J02-D2-37;250000
2023-01-31 08:00:00;385;13221002;D.003.01;J02-D2-38;250000
2023-01-31 08:00:00;386;13221003;D.003.01;J02-D2-40;250000
2023-01-31 08:00:00;387;16221002;K.001.01;J02-H1-15;1728
2023-01-31 08:00:00;388;16221002;K.001.01;J02-H1-14;146
2023-01-31 08:00:00;389;16221003;K.001.01;J02-H1-14;1582
2023-01-31 08:00:00;390;16221003;K.001.01;J02-H1-10;1728
2023-01-31 08:00:00;391;16221003;K.001.01;J02-H1-09;136
2023-01-31 08:00:00;392;16221004;K.001.01;J02-H1-09;1592
2023-01-31 08:00:00;393;16221004;K.001.01;J02-H1-08;1728
2023-01-31 08:00:00;394;16221004;K.001.01;J02-H1-07;102
2023-01-31 08:00:00;395;16221005;K.001.01;J02-H1-07;1626
2023-01-31 08:00:00;396;16221005;K.001.01;J02-H1-06;1728
2023-01-31 08:00:00;397;13221002;D.003.01;J02-D2-39;76100
2023-01-31 08:00:00;398;13221003;D.003.01;J02-D2-39;173900
2023-01-31 08:00:00;399;13221003;D.003.01;J02-D2-41;250000
2023-01-31 08:00:00;400;3810415;A.002.01;J02-C0-42;573
2023-01-31 08:00:00;401;1221006;A.001.01;J02-A0-17;35000
2023-01-31 08:00:00;402;1221006;A.001.01;J02-A0-18;858
2023-01-31 08:00:00;403;1221007;A.001.01;J02-A0-18;32142
2023-01-31 08:00:00;404;1221007;A.001.01;J02-A0-19;35000
2023-01-31 08:00:00;405;1221008;A.001.01;J02-A0-20;33000
2023-01-31 08:00:00;406;1221008;A.001.01;J02-A0-21;35000
2023-01-31 08:00:00;407;1221008;A.001.01;J02-A0-22;805
2023-01-31 08:00:00;408;1221009;A.001.01;J02-A0-22;32195
2023-01-31 08:00:00;409;1221009;A.001.01;J02-A0-23;33000
2023-01-31 08:00:00;410;1221010;A.001.01;J02-A0-24;32780
2023-01-31 08:00:00;411;1221010;A.001.01;J02-A0-25;35000
2023-01-31 08:00:00;412;1221010;A.001.01;J02-A0-26;600
2023-01-31 08:00:00;413;1221011;A.001.01;J02-A0-26;33400
2023-01-31 08:00:00;414;1221011;A.001.01;J02-A0-27;33000
2023-01-31 08:00:00;415;26221001;A.008.02;J02-C1-33;33600
2023-01-31 08:00:00;416;26221001;A.008.02;J02-C1-34;24371
2023-01-31 08:00:00;417;13221003;D.003.01;J02-D2-42;250000
2023-01-31 08:00:00;418;13221003;D.003.01;J02-E0-01;250000
2023-01-31 08:00:00;419;13221003;D.003.01;J02-E0-02;250000
2023-01-31 08:00:00;420;16221005;K.001.01;J02-H1-05;205
2023-01-31 08:00:00;421;16221006;K.001.01;J02-H1-05;1523
2023-01-31 08:00:00;422;16221006;K.001.01;J02-H1-06;1644
2023-01-31 08:00:00;423;16221101;K.001.01;J02-H1-06;84
2023-01-31 08:00:00;424;32221001;A.005.02;J02-C2-33;32400
2023-01-31 08:00:00;425;232221001;B.001.01;J02-H1-37;1525
2023-01-31 08:00:00;426;232221002;B.001.01;J02-H1-37;1285
2023-01-31 08:00:00;427;231221001;B.002.01;J02-H1-38;1655
2023-01-31 08:00:00;428;231221002;B.002.01;J02-H1-38;1512
2023-01-31 08:00:00;429;50221002;B.003.01;J02-H1-41;666
2023-01-31 08:00:00;430;142220901;B.005.01;J02-H1-40;372
2023-01-31 08:00:00;431;104221002;B.007.03;J02-H1-34;3027
2023-01-31 08:00:00;432;98221001;B.007.02;J02-H1-33;36
2023-01-31 08:00:00;433;86910701;K.004.01;J02-G1-40;972
2023-01-31 08:00:00;434;86120301;K.004.02;J02-G1-41;1386
2023-01-31 08:00:00;435;86120302;K.004.03;J02-G1-42;1344
2023-01-31 08:00:00;436;86510501;K.004.03;J02-G1-42;50
2023-01-31 08:00:00;437;231020801;B.002.01;J02-H1-38;6
2023-01-31 08:00:00;438;232020701;B.002.01;J02-H1-38;5
2023-01-31 08:00:00;439;177910301;I.001.02;J02-G0-23;2016
2023-01-31 08:00:00;440;177121101;I.001.02;J02-G0-22;3498
2023-01-31 08:00:00;441;93121101;I.001.01;J02-G0-25;1291
2023-01-31 08:00:00;442;94120201;I.001.03;J02-G0-26;22
2023-01-31 08:00:00;443;35020302;D.009.01;J02-D3-42;7800
2023-01-31 08:00:00;444;161220503;D.006.01;J02-D3-38;5760
2023-01-31 08:00:00;445;1221011;A.001.01;J02-A0-28;2000
2023-01-31 08:00:00;446;1221012;A.001.01;J02-A0-28;32000
2023-01-31 08:00:00;447;1221012;A.001.01;J02-A0-29;32000
2023-01-31 08:00:00;448;1221013;A.001.01;J02-A0-30;28000
2023-01-31 08:00:00;449;1221013;A.001.01;J02-A0-31;35433
2023-01-31 08:00:00;450;1221014;A.001.01;J02-A0-31;567
2023-01-31 08:00:00;451;1221014;A.001.01;J02-A0-32;36000
2023-01-31 08:00:00;452;1221014;A.001.01;J02-A0-33;33204
2023-01-31 08:00:00;453;1221015;A.001.01;J02-A0-33;796
2023-01-31 08:00:00;454;13221003;D.003.01;J02-E0-03;250000
2023-01-31 08:00:00;455;13221003;D.003.01;J02-E0-04;250000
2023-01-31 08:00:00;456;13221003;D.003.01;J02-E0-05;250000
2023-01-31 08:00:00;457;13221004;D.003.01;J02-E0-07;250000
2023-01-31 08:00:00;458;13221004;D.003.01;J02-E0-08;250000
2023-01-31 08:00:00;459;16221006;K.001.01;J02-H1-03;432
2023-01-31 08:00:00;460;16221101;K.001.01;J02-H1-03;1296
2023-01-31 08:00:00;461;16221101;K.001.01;J02-H1-02;1728
2023-01-31 08:00:00;462;238220901;L.011.01;J02-C0-35;4320
2023-01-31 08:00:00;463;238220901;L.011.01;J02-C0-36;11520
2023-01-31 08:00:00;464;239220901;L.011.02;J02-C0-37;7200
2023-01-31 08:00:00;465;239220901;L.011.02;J02-C0-38;7200
2023-01-31 08:00:00;466;239220901;L.011.02;J02-C0-39;7200
2023-01-31 08:00:00;467;239220901;L.011.02;J02-C0-40;2400
2023-01-31 08:00:00;468;73220403;D.002.02;J02-F1-23;1100
2023-01-31 08:00:00;469;183221001;B.008.01;J02-H1-33;72
2023-01-31 08:00:00;470;213020301;B.008.02;J02-H2-32;1775
2023-01-31 08:00:00;471;213120501;B.008.02;J02-H2-32;3260
2023-01-31 08:00:00;472;184120602;B.008.04;J02-H2-30;36
2023-01-31 08:00:00;473;1221015;A.001.01;J02-A0-34;40000
2023-01-31 08:00:00;474;1221015;A.001.01;J02-A0-35;37000
2023-01-31 08:00:00;475;1221015;A.001.01;J02-A0-36;36000
2023-01-31 08:00:00;476;1221015;A.001.01;J02-A0-37;520
2023-01-31 08:00:00;477;1221016;A.001.01;J02-A0-37;33480
2023-01-31 08:00:00;478;1221016;A.001.01;J02-A0-38;33000
2023-01-31 08:00:00;479;1221016;A.001.01;J02-A0-39;267
2023-01-31 08:00:00;480;1221017;A.001.01;J02-A0-39;14733
2023-01-31 08:00:00;481;1221017;A.001.01;J02-A0-40;15000
2023-01-31 08:00:00;482;1221017;A.001.01;J02-A0-41;26000
2023-01-31 08:00:00;483;13221003;D.003.01;J02-E0-06;190200
2023-01-31 08:00:00;484;13221004;D.003.01;J02-E0-06;59800
2023-01-31 08:00:00;485;13221004;D.003.01;J02-E0-12;250000
2023-01-31 08:00:00;486;13221004;D.003.01;J02-E0-13;250000
2023-01-31 08:00:00;487;13221004;D.003.01;J02-E0-14;250000
2023-01-31 08:00:00;488;16221101;K.001.01;J02-H1-01;398
2023-01-31 08:00:00;489;16221102;K.001.01;J02-H1-01;1330
2023-01-31 08:00:00;490;16221102;K.001.01;J02-H2-01;1728
2023-01-31 08:00:00;491;13221004;D.003.01;J02-E0-15;250000
2023-01-31 08:00:00;492;13221004;D.003.01;J02-E0-16;250000
2023-01-31 08:00:00;493;13221004;D.003.01;J02-E0-17;250000
2023-01-31 08:00:00;494;1221017;A.001.01;J02-A0-42;26960
2023-01-31 08:00:00;495;1221018;A.001.01;J02-A0-42;40
2023-01-31 08:00:00;496;1221018;A.001.01;J02-A0-43;31000
2023-01-31 08:00:00;497;1221018;A.001.01;J02-A0-44;34000
2023-01-31 08:00:00;498;1221019;A.001.01;J02-A0-45;33000
2023-01-31 08:00:00;499;1221019;A.001.01;J02-A0-46;34000
2023-01-31 08:00:00;500;32221001;A.005.02;J02-C2-34;3600
2023-01-31 08:00:00;501;13221004;D.003.01;J02-E0-18;150000
2023-01-31 08:00:00;502;13221101;D.003.01;J02-E0-18;100000
2023-01-31 08:00:00;503;13221101;D.003.01;J02-E0-19;250000
2023-01-31 08:00:00;504;13221101;D.003.01;J02-E0-20;250000
2023-01-31 08:00:00;505;13221101;D.003.01;J02-E0-21;250000
2023-01-31 08:00:00;506;13221101;D.003.01;J02-E0-22;250000
2023-01-31 08:00:00;507;13221101;D.003.01;J02-E0-23;250000
2023-01-31 08:00:00;508;13221101;D.003.01;J02-E0-24;250000
2023-01-31 08:00:00;509;13221101;D.003.01;J02-E0-25;160000
2023-01-31 08:00:00;510;13221101;D.003.01;J02-E0-26;250000
2023-01-31 08:00:00;511;13221101;D.003.01;J02-E0-27;33600
2023-01-31 08:00:00;512;13221102;D.003.01;J02-E0-27;216400
2023-01-31 08:00:00;513;16221102;K.001.01;J02-H2-02;823
2023-01-31 08:00:00;514;16221103;K.001.01;J02-H2-02;905
2023-01-31 08:00:00;515;16221103;K.001.01;J02-H2-03;1728
2023-01-31 08:00:00;516;16221103;K.001.01;J02-H2-04;561
2023-01-31 08:00:00;517;16221104;K.001.01;J02-H2-04;1167
2023-01-31 08:00:00;518;13221102;D.003.01;J02-E0-31;250000
2023-01-31 08:00:00;519;13221102;D.003.01;J02-E0-32;250000
2023-01-31 08:00:00;520;16221104;K.001.01;J02-H2-05;1728
2023-01-31 08:00:00;521;1221019;A.001.01;J02-A1-46;660
2023-01-31 08:00:00;522;1221021;A.001.01;J02-A1-46;33340
2023-01-31 08:00:00;523;1221021;A.001.01;J02-A1-45;34000
2023-01-31 08:00:00;524;1221021;A.001.01;J02-A1-44;307
2023-01-31 08:00:00;525;1221022;A.001.01;J02-A1-44;33693
2023-01-31 08:00:00;526;1221022;A.001.01;J02-A1-43;32000
2023-01-31 08:00:00;527;1221022;A.001.01;J02-A1-42;191
2023-01-31 08:00:00;528;1221023;A.001.01;J02-A1-42;27809
2023-01-31 08:00:00;529;1221023;A.001.01;J02-A1-41;34000
2023-01-31 08:00:00;530;1221023;A.001.01;J02-A1-40;446
2023-01-31 08:00:00;531;1221024;A.001.01;J02-A1-40;33554
2023-01-31 08:00:00;532;1221024;A.001.01;J02-A1-39;33000
2023-01-31 08:00:00;533;1221024;A.001.01;J02-A1-38;425
2023-01-31 08:00:00;534;1221025;A.001.01;J02-A1-38;33575
2023-01-31 08:00:00;535;1221025;A.001.01;J02-A1-37;33000
2023-01-31 08:00:00;536;10221105;A.008.01;J02-C2-11;18000
2023-01-31 08:00:00;537;93710901;I.001.01;J02-G0-25;4
2023-01-31 08:00:00;538;16221104;K.001.01;J02-H2-06;971
2023-01-31 08:00:00;539;16221105;K.001.01;J02-H2-06;757
2023-01-31 08:00:00;540;1221104;A.001.01;J02-A1-27;30000
2023-01-31 08:00:00;541;1221104;A.001.01;J02-A1-28;35560
2023-01-31 08:00:00;542;1221103;A.001.01;J02-A1-29;30000
2023-01-31 08:00:00;543;1221103;A.001.01;J02-A1-30;30000
2023-01-31 08:00:00;544;1221103;A.001.01;J02-A1-31;26000
2023-01-31 08:00:00;545;1221103;A.001.01;J02-A1-32;28000
2023-01-31 08:00:00;546;1221101;A.001.01;J02-A1-33;34000
2023-01-31 08:00:00;547;1221025;A.001.01;J02-A1-34;1781
2023-01-31 08:00:00;548;1221101;A.001.01;J02-A1-34;32847
2023-01-31 08:00:00;549;1221103;A.001.01;J02-A1-34;372
2023-01-31 08:00:00;550;1221104;A.001.01;J02-A1-26;220
2023-01-31 08:00:00;551;1221105;A.001.01;J02-A1-26;31780
2023-01-31 08:00:00;552;16221105;K.001.01;J02-H2-07;1728
2023-01-31 08:00:00;553;13221102;D.003.01;J02-E0-33;260000
2023-01-31 08:00:00;554;13221102;D.003.01;J02-E0-34;250000
2023-01-31 08:00:00;555;13221102;D.003.01;J02-E0-35;250000
2023-01-31 08:00:00;556;13221102;D.003.01;J02-E0-36;250000
2023-01-31 08:00:00;557;13221102;D.003.01;J02-E0-37;250000
2023-01-31 08:00:00;558;16221105;K.001.01;J02-H2-08;288
2023-01-31 08:00:00;559;16221105;K.001.01;J02-H0-08;36
2023-01-31 08:00:00;560;16221106;K.001.01;J02-H2-08;1404
2023-01-31 08:00:00;561;1221106;A.001.01;J02-A1-20;400
2023-01-31 08:00:00;562;1221107;A.001.01;J02-A1-20;38600
2023-01-31 08:00:00;563;1221107;A.001.01;J02-A1-21;20000
2023-01-31 08:00:00;564;1221107;A.001.01;J02-A1-22;26000
2023-01-31 08:00:00;565;1221106;A.001.01;J02-A1-23;32000
2023-01-31 08:00:00;566;1221106;A.001.01;J02-A1-24;31000
2023-01-31 08:00:00;567;1221105;A.001.01;J02-A1-25;31000
2023-01-31 08:00:00;568;1221103;A.001.01;J02-A1-28;440
2023-01-31 08:00:00;569;153220901;N.013.01;J02-C0-01;600
2023-01-31 08:00:00;570;86910702;K.004.01;J02-G1-40;348
2023-01-31 08:00:00;571;16221106;K.001.01;J02-H2-09;1728
2023-01-31 08:00:00;572;16221106;K.001.01;J02-H2-10;421
2023-01-31 08:00:00;573;16221201;K.001.01;J02-H2-10;1307
2023-01-31 08:00:00;574;1221108;A.001.01;J02-A1-17;32000
2023-01-31 08:00:00;575;155221101;N.013.01;J02-C0-02;600
2023-01-31 08:00:00;576;13221102;D.003.01;J02-E0-38;250000
2023-01-31 08:00:00;577;13221103;D.003.01;J02-E0-40;250000
2023-01-31 08:00:00;578;13221103;D.003.01;J02-E0-41;250000
2023-01-31 08:00:00;579;13221103;D.003.01;J02-E0-42;250000
2023-01-31 08:00:00;580;13221103;D.003.01;J02-E1-40;239200
2023-01-31 08:00:00;581;13221104;D.003.01;J02-E1-40;800
2023-01-31 08:00:00;582;13221103;D.003.01;J02-E1-41;250000
2023-01-31 08:00:00;583;13221103;D.003.01;J02-E1-42;250000
2023-01-31 08:00:00;584;1221107;A.001.01;J02-A1-18;160
2023-01-31 08:00:00;585;1221108;A.001.01;J02-A1-18;31840
2023-01-31 08:00:00;586;1221108;A.001.01;J02-A1-16;313
2023-01-31 08:00:00;587;1221109;A.001.01;J02-A1-16;30687
2023-01-31 08:00:00;588;1221109;A.001.01;J02-A1-15;34000
2023-01-31 08:00:00;589;1221109;A.001.01;J02-A1-14;485
2023-01-31 08:00:00;590;1221110;A.001.01;J02-A1-14;33515
2023-01-31 08:00:00;591;1221110;A.001.01;J02-A1-13;32000
2023-01-31 08:00:00;592;1221110;A.001.01;J02-A1-12;249
2023-01-31 08:00:00;593;1221111;A.001.01;J02-A1-12;29751
2023-01-31 08:00:00;594;1221111;A.001.01;J02-A1-11;36000
2023-01-31 08:00:00;595;1221111;A.001.01;J02-A1-10;513
2023-01-31 08:00:00;596;1221112;A.001.01;J02-A1-10;36487
2023-01-31 08:00:00;597;1221112;A.001.01;J02-A1-08;12213
2023-01-31 08:00:00;598;1221113;A.001.01;J02-A1-08;39787
2023-01-31 08:00:00;599;155221101;N.013.01;J02-C0-03;600
2023-01-31 08:00:00;600;155221101;N.013.01;J02-C0-04;600
2023-01-31 08:00:00;601;155221101;N.013.01;J02-C0-05;600
2023-01-31 08:00:00;602;155221101;N.013.01;J02-C0-06;600
2023-01-31 08:00:00;603;155221101;N.013.01;J02-C0-07;600
2023-01-31 08:00:00;604;155221101;N.013.01;J02-C0-08;600
2023-01-31 08:00:00;605;155221101;N.013.01;J02-C0-12;600
2023-01-31 08:00:00;606;155221101;N.013.01;J02-C0-13;600
2023-01-31 08:00:00;607;16221201;K.001.01;J02-H2-11;1728
2023-01-31 08:00:00;608;16221201;K.001.01;J02-H2-12;519
2023-01-31 08:00:00;609;16221202;K.001.01;J02-H2-12;1209
2023-01-31 08:00:00;610;13221102;D.003.01;J02-E0-39;220000
2023-01-31 08:00:00;611;13221104;D.003.01;J02-E1-33;250000
2023-01-31 08:00:00;612;13221104;D.003.01;J02-E1-34;250000
2023-01-31 08:00:00;613;13221104;D.003.01;J02-E1-35;250000
2023-01-31 08:00:00;614;13221104;D.003.01;J02-E1-36;250000
2023-01-31 08:00:00;615;13221103;D.003.01;J02-E1-37;190000
2023-01-31 08:00:00;616;13221104;D.003.01;J02-E1-37;50000
2023-01-31 08:00:00;617;13221103;D.003.01;J02-E1-38;250000
2023-01-31 08:00:00;618;13221103;D.003.01;J02-E1-39;250000
2023-01-31 08:00:00;619;155221101;N.013.01;J02-C0-14;600
2023-01-31 08:00:00;620;155221101;N.013.01;J02-C0-15;600
2023-01-31 08:00:00;621;155221101;N.013.01;J02-C0-16;600
2023-01-31 08:00:00;622;155221101;N.013.01;J02-C0-17;600
2023-01-31 08:00:00;623;155221101;N.013.01;J02-C0-18;600
2023-01-31 08:00:00;624;155221101;N.013.01;J02-C0-19;600
2023-01-31 08:00:00;625;155221101;N.013.01;J02-C0-20;600
2023-01-31 08:00:00;626;155221101;N.013.01;J02-C0-21;1200
2023-01-31 08:00:00;627;155221101;N.013.01;J02-C0-22;100
2023-01-31 08:00:00;628;16221202;K.001.01;J02-H2-13;1728
2023-01-31 08:00:00;629;16221202;K.001.01;J02-H2-14;679
2023-01-31 08:00:00;630;16221203;K.001.01;J02-H2-14;1049
2023-01-31 08:00:00;631;16221203;K.001.01;J02-H2-15;1728
2023-01-31 08:00:00;632;16221203;K.001.01;J02-H2-16;820
2023-01-31 08:00:00;633;16221204;K.001.01;J02-H2-16;908
2023-01-31 08:00:00;634;32221202;A.005.01;J02-C2-25;517
2023-01-31 08:00:00;635;13220807;D.003.01;J02-D2-28;8200
2023-01-31 08:00:00;636;13220811;D.003.01;J02-D2-28;82600
2023-01-31 08:00:00;637;13220904;D.003.01;J02-D2-28;159200
2023-01-31 08:00:00;638;13220912;D.003.01;J02-D2-29;210000
2023-01-31 08:00:00;639;103221202;E.001.01;J02-G1-26;80000
2023-01-31 08:00:00;640;103221202;E.001.01;J02-G1-27;100000
2023-01-31 08:00:00;641;103221203;E.001.01;J02-G1-27;260000
2023-01-31 08:00:00;642;6221104;D.003.03;J02-F0-32;12600
2023-01-31 08:00:00;643;6221104;D.003.03;J02-F0-33;16200
2023-01-31 08:00:00;644;28221201;D.003.01;J02-E1-26;170000
2023-01-31 08:00:00;645;28221201;D.003.01;J02-E1-25;250000
2023-01-31 08:00:00;646;28221201;D.003.01;J02-E1-24;250000
2023-01-31 08:00:00;647;28221201;D.003.01;J02-E1-23;250000
2023-01-31 08:00:00;648;28221201;D.003.01;J02-E1-22;250000
2023-01-31 08:00:00;649;28221201;D.003.01;J02-E1-21;250000
2023-01-31 08:00:00;650;28221201;D.003.01;J02-E1-20;250000
2023-01-31 08:00:00;651;28221202;D.003.01;J02-E1-19;250000
2023-01-31 08:00:00;652;28221202;D.003.01;J02-E1-18;250000
2023-01-31 08:00:00;653;28221202;D.003.01;J02-E1-17;250000
2023-01-31 08:00:00;654;1221113;A.001.01;J02-A1-09;37000
2023-01-31 08:00:00;655;1221113;A.001.01;J02-A1-07;816
2023-01-31 08:00:00;656;1221114;A.001.01;J02-A1-07;32184
2023-01-31 08:00:00;657;1221114;A.001.01;J02-A1-06;33000
2023-01-31 08:00:00;658;1221114;A.001.01;J02-A1-05;760
2023-01-31 08:00:00;659;1221115;A.001.01;J02-A1-05;29240
2023-01-31 08:00:00;660;1221115;A.001.01;J02-A1-04;33000
2023-01-31 08:00:00;661;1221115;A.001.01;J02-A1-03;186
2023-01-31 08:00:00;662;1121116;A.001.01;J02-A1-03;814
2023-01-31 08:00:00;663;1221116;A.001.01;J02-A1-03;31000
2023-01-31 08:00:00;664;1221116;A.001.01;J02-A1-02;32000
2023-01-31 08:00:00;665;1221116;A.001.01;J02-A1-01;583
2023-01-31 08:00:00;666;1221117;A.001.01;J02-A1-01;33417
2023-01-31 08:00:00;667;1221117;A.001.01;J02-A2-01;29000
2023-01-31 08:00:00;668;32221204;A.005.01;J02-C2-28;7356
2023-01-31 08:00:00;669;32221205;A.005.01;J02-C2-28;3444
2023-01-31 08:00:00;670;26221205;A.008.01;J02-C2-05;6204
2023-01-31 08:00:00;671;26221206;A.008.01;J02-C2-05;3396
2023-01-31 08:00:00;672;16221204;K.001.01;J02-H2-17;1728
2023-01-31 08:00:00;673;26221001;A.008.02;J02-C1-35;1080
2023-01-31 08:00:00;674;26221203;A.008.02;J02-C1-36;43200
2023-01-31 08:00:00;675;26221203;A.008.02;J02-C1-38;18000
2023-01-31 08:00:00;676;32221001;A.005.02;J02-C2-35;400
2023-01-31 08:00:00;677;32221205;A.005.02;J02-C2-35;29600
2023-01-31 08:00:00;678;28221202;D.003.01;J02-E1-16;250000
2023-01-31 08:00:00;679;28221202;D.003.01;J02-E1-15;250000
2023-01-31 08:00:00;680;28221202;D.003.01;J02-E1-14;250000
2023-01-31 08:00:00;681;28221202;D.003.01;J02-E1-13;250000
2023-01-31 08:00:00;682;28221202;D.003.01;J02-E1-12;250000
2023-01-31 08:00:00;683;26221203;A.008.02;J02-C1-35;42120
2023-01-31 08:00:00;684;26221203;A.008.02;J02-C1-37;43200
2023-01-31 08:00:00;685;26221203;A.008.02;J02-C1-34;7200
2023-01-31 08:00:00;686;16221204;K.001.01;J02-H2-18;963
2023-01-31 08:00:00;687;16221205;K.001.01;J02-H2-18;765
2023-01-31 08:00:00;688;32221205;A.005.02;J02-C2-36;31200
2023-01-31 08:00:00;689;32221205;A.005.02;J02-C2-37;36000
2023-01-31 08:00:00;690;28221203;D.003.01;J02-E1-02;250000
2023-01-31 08:00:00;691;28221203;D.003.01;J02-E1-03;250000
2023-01-31 08:00:00;692;28221203;D.003.01;J02-E1-04;250000
2023-01-31 08:00:00;693;28221203;D.003.01;J02-E1-05;250000
2023-01-31 08:00:00;694;28221203;D.003.01;J02-E1-06;250000
2023-01-31 08:00:00;695;28221203;D.003.01;J02-E1-07;250000
2023-01-31 08:00:00;696;28221203;D.003.01;J02-E1-08;250000
2023-01-31 08:00:00;697;103221203;E.001.01;J02-G2-24;320000
2023-01-31 08:00:00;698;1221119;A.001.01;J02-A2-05;36000
2023-01-31 08:00:00;699;1221117;A.001.01;J02-A2-02;40
2023-01-31 08:00:00;700;1221118;A.001.01;J02-A2-02;25960
2023-01-31 08:00:00;701;1221118;A.001.01;J02-A2-03;24000
2023-01-31 08:00:00;702;1221118;A.001.01;J02-A2-04;415
2023-01-31 08:00:00;703;1221119;A.001.01;J02-A2-04;28585
2023-01-31 08:00:00;704;1221119;A.001.01;J02-A2-06;71
2023-01-31 08:00:00;705;1221120;A.001.01;J02-A2-06;33929
2023-01-31 08:00:00;706;1221120;A.001.01;J02-A2-07;32000
2023-01-31 08:00:00;707;1221120;A.001.01;J02-A2-08;700
2023-01-31 08:00:00;708;1221121;A.001.01;J02-A2-08;37300
2023-01-31 08:00:00;709;1221122;A.001.01;J02-A2-11;26000
2023-01-31 08:00:00;710;1221123;A.001.01;J02-A2-12;30000
2023-01-31 08:00:00;711;1221123;A.001.01;J02-A2-13;24960
2023-01-31 08:00:00;712;26221206;A.008.01;J02-C2-02;21600
2023-01-31 08:00:00;713;26221206;A.008.01;J02-C2-01;12156
2023-01-31 08:00:00;714;26221207;A.008.01;J02-C2-01;9444
2023-01-31 08:00:00;715;16221205;K.001.01;J02-H2-19;1728
2023-01-31 08:00:00;716;16221205;K.001.01;J02-H2-20;1103
2023-01-31 08:00:00;717;16221206;K.001.01;J02-H2-20;193
2023-01-31 08:00:00;718;16320101;K.001.01;J02-H2-21;1728
2023-01-31 08:00:00;719;16320101;K.001.01;J02-H2-22;1254
2023-01-31 08:00:00;720;16320102;K.001.01;J02-H2-22;474
2023-01-31 08:00:00;721;103221203;E.001.01;J02-G1-25;320000
2023-01-31 08:00:00;722;103221203;E.001.01;J02-G1-26;100000
2023-01-31 08:00:00;723;103320101;E.001.01;J02-G1-26;300000
2023-01-31 08:00:00;724;32221206;A.005.01;J02-C1-25;21600
2023-01-31 08:00:00;725;32221206;A.005.01;J02-C1-26;21600
2023-01-31 08:00:00;726;32221206;A.005.01;J02-C1-27;21600
2023-01-31 08:00:00;727;32221205;A.005.02;J02-C2-38;24000
2023-01-31 08:00:00;728;26221207;A.008.01;J02-C1-05;21600
2023-01-31 08:00:00;729;26221207;A.008.01;J02-C1-06;3984
2023-01-31 08:00:00;730;26320101;A.008.01;J02-C1-06;17616
2023-01-31 08:00:00;731;1221121;A.001.01;J02-A2-09;20000
2023-01-31 08:00:00;732;1221122;A.001.01;J02-A2-10;31440
2023-01-31 08:00:00;733;1221122;A.001.01;J02-A2-13;40
2023-01-31 08:00:00;734;1221123;A.001.01;J02-A2-14;594
2023-01-31 08:00:00;735;1221124;A.001.01;J02-A2-14;34726
2023-01-31 08:00:00;736;1221125;A.001.01;J02-A2-14;680
2023-01-31 08:00:00;737;1221124;A.001.01;J02-A2-15;22000
2023-01-31 08:00:00;738;1221125;A.001.01;J02-A2-16;26000
2023-01-31 08:00:00;739;1221125;A.001.01;J02-A2-17;39000
2023-01-31 08:00:00;740;1221125;A.001.01;J02-A2-18;556
2023-01-31 08:00:00;741;1221201;A.001.01;J02-A2-18;34444
2023-01-31 08:00:00;742;1221201;A.001.01;J02-A2-19;30000
2023-01-31 08:00:00;743;1221202;A.001.01;J02-A2-20;32265
2023-01-31 08:00:00;744;1221202;A.001.01;J02-A2-21;32000
2023-01-31 08:00:00;745;1221203;A.001.01;J02-A2-22;32000
2023-01-31 08:00:00;746;1221202;A.001.01;J02-A2-23;346
2023-01-31 08:00:00;747;1221203;A.001.01;J02-A2-23;34654
2023-01-31 08:00:00;748;1221203;A.001.01;J02-A2-24;720
2023-01-31 08:00:00;749;1221204;A.001.01;J02-A2-24;29280
2023-01-31 08:00:00;750;1221204;A.001.01;J02-A2-25;32000
2023-01-31 08:00:00;751;1221204;A.001.01;J02-A2-26;880
2023-01-31 08:00:00;752;1221205;A.001.01;J02-A2-26;32120
2023-01-31 08:00:00;753;1221205;A.001.01;J02-A2-27;32000
2023-01-31 08:00:00;754;1221206;A.001.01;J02-A2-28;36000
2023-01-31 08:00:00;755;1221205;A.001.01;J02-A2-29;400
2023-01-31 08:00:00;756;1221206;A.001.01;J02-A2-29;32600
2023-01-31 08:00:00;757;1221206;A.001.01;J02-A2-30;354
2023-01-31 08:00:00;758;1221207;A.001.01;J02-A2-30;34646
2023-01-31 08:00:00;759;1221207;A.001.01;J02-A2-31;31965
2023-01-31 08:00:00;760;1221208;A.001.01;J02-A2-32;34000
2023-01-31 08:00:00;761;1221208;A.001.01;J02-A2-33;32000
2023-01-31 08:00:00;762;32221204;A.005.01;J02-C1-24;1200
2023-01-31 08:00:00;763;32221205;A.005.02;J02-C2-39;12000
2023-01-31 08:00:00;764;103320101;E.001.01;J02-G2-25;320000
2023-01-31 08:00:00;765;4221210;G.001.02;J02-F0-22;5040
2023-01-31 08:00:00;766;1221209;A.001.01;J02-A2-36;30417
2023-01-31 08:00:00;767;1221210;A.001.01;J02-A2-36;28583
2023-01-31 08:00:00;768;1221210;A.001.01;J02-A2-38;855
2023-01-31 08:00:00;769;1221211;A.001.01;J02-A2-38;30145
2023-01-31 08:00:00;770;1221211;A.001.01;J02-A2-39;32000
2023-01-31 08:00:00;771;28221203;D.003.01;J02-E1-01;250000
2023-01-31 08:00:00;772;28320101;D.003.01;J02-E2-01;250000
2023-01-31 08:00:00;773;28320101;D.003.01;J02-E2-02;250000
2023-01-31 08:00:00;774;28320101;D.003.01;J02-E2-03;250000
2023-01-31 08:00:00;775;28320101;D.003.01;J02-E2-04;250000
2023-01-31 08:00:00;776;28320101;D.003.01;J02-E2-05;250000
2023-01-31 08:00:00;777;28320101;D.003.01;J02-E2-06;250000
2023-01-31 08:00:00;778;28320101;D.003.01;J02-E2-07;250000
2023-01-31 08:00:00;779;7221210;G.001.04;J02-G0-12;1920
2023-01-31 08:00:00;780;7221210;G.001.04;J02-G0-13;240
2023-01-31 08:00:00;781;8221210;G.001.05;J02-G0-14;1440
2023-01-31 08:00:00;782;8221210;G.001.05;J02-G0-15;610
2023-01-31 08:00:00;783;8221211;G.001.05;J02-G0-15;1406
2023-01-31 08:00:00;784;9221209;G.001.06;J02-G0-17;281
2023-01-31 08:00:00;785;9221211;G.001.06;J02-G0-16;1152
2023-01-31 08:00:00;786;4221209;G.001.02;J02-F0-22;180
2023-01-31 08:00:00;787;4221211;G.001.02;J02-F0-22;1620
2023-01-31 08:00:00;788;4221211;G.001.02;J02-F0-23;2268
2023-01-31 08:00:00;789;4221212;G.001.02;J02-F0-23;3912
2023-01-31 08:00:00;790;4020808;G.001.02;J02-F0-23;96
2023-01-31 08:00:00;791;4611027;G.001.02;J02-F0-23;12
2023-01-31 08:00:00;792;4710719;G.001.02;J02-F0-23;8
2023-01-31 08:00:00;793;12610301;J.001.01;J02-G2-38;450
2023-01-31 08:00:00;794;12610406;J.001.01;J02-G2-38;300
2023-01-31 08:00:00;795;12611002;J.001.01;J02-G2-38;340
2023-01-31 08:00:00;796;12710307;J.001.01;J02-G2-38;278
2023-01-31 08:00:00;797;179320101;A.009.01;J02-C3-32;11028
2023-01-31 08:00:00;798;98320101;B.007.02;J02-H1-35;1724
2023-01-31 08:00:00;799;183320101;B.008.01;J02-H1-33;829
2023-01-31 08:00:00;800;16320102;K.001.01;J02-H2-23;1728
2023-01-31 08:00:00;801;16320103;K.001.01;J02-H2-24;1728
2023-01-31 08:00:00;802;16320102;K.001.01;J02-H2-25;1152
2023-01-31 08:00:00;803;16320103;K.001.01;J02-H2-25;576
2023-01-31 08:00:00;804;16320103;K.001.01;J02-H2-26;1367
2023-01-31 08:00:00;805;5210925;G.001.01;J02-F0-01;8
2023-01-31 08:00:00;806;5220708;G.001.01;J02-F0-01;60
2023-01-31 08:00:00;807;5221101;G.001.01;J02-F0-01;264
2023-01-31 08:00:00;808;1020950;A.001.01;J02-A0-01;100
2023-01-31 08:00:00;809;1121101;A.001.01;J02-A0-01;180
2023-01-31 08:00:00;810;1220501;A.001.01;J02-A0-01;39
2023-01-31 08:00:00;811;199220301;A.004.01;J02-C3-01;7
2023-01-31 08:00:00;812;21811001;N.015.01;J02-C3-02;12396
2023-01-31 08:00:00;813;224220701;J.007.01;J02-H0-14;687
2023-01-31 08:00:00;814;224220702;J.007.02;J02-H0-15;699
2023-01-31 08:00:00;815;224220703;J.007.03;J02-H0-16;1767
2023-01-31 08:00:00;816;225220702;J.006.01;J02-H0-17;328
2023-01-31 08:00:00;817;225220701;J.006.03;J02-H0-18;331
2023-01-31 08:00:00;818;225220703;J.006.02;J02-H0-19;340
2023-01-31 08:00:00;819;122220703;J.005.01;J02-H0-04;2796
2023-01-31 08:00:00;820;122020601;J.002.01;J02-H0-06;129
2023-01-31 08:00:00;821;122220201;J.002.01;J02-H0-06;132
2023-01-31 08:00:00;822;122021204;J.002.01;J02-H0-06;7560
2023-01-31 08:00:00;823;122021204;J.002.02;J02-H0-01;1
2023-01-31 08:00:00;824;122910804;J.004.01;J02-H0-05;156
2023-01-31 08:00:00;825;122020602;J.004.01;J02-H0-05;316
2023-01-31 08:00:00;826;122021201;J.005.01;J02-H0-04;276
2023-01-31 08:00:00;827;122220701;J.004.01;J02-H0-05;1297
2023-01-31 08:00:00;828;122121104;J.003.02;J02-H0-02;452
2023-01-31 08:00:00;829;122220704;J.003.02;J02-H0-02;1008
2023-01-31 08:00:00;830;122020501;J.003.01;J02-H0-03;20
2023-01-31 08:00:00;831;122220704;J.003.01;J02-H0-03;948
2023-01-31 08:00:00;832;240220801;A.001.01;J02-C3-04;29000
2023-01-31 08:00:00;833;240221101;A.001.01;J02-C3-05;32000
2023-01-31 08:00:00;834;240221101;A.001.01;J02-C3-06;60
2023-01-31 08:00:00;835;240221201;A.001.01;J02-C3-06;31940
2023-01-31 08:00:00;836;1221210;A.001.01;J02-A2-37;33000
2023-01-31 08:00:00;837;1221212;A.001.01;J02-A2-40;36000
2023-01-31 08:00:00;838;1221211;A.001.01;J02-A2-41;776
2023-01-31 08:00:00;839;1221212;A.001.01;J02-A2-41;32224
2023-01-31 08:00:00;840;1221208;A.001.01;J02-A2-35;828
2023-01-31 08:00:00;841;1221209;A.001.01;J02-A2-35;32172
2023-01-31 08:00:00;842;26320101;A.008.01;J02-C1-07;18000
2023-01-31 08:00:00;843;10220901;A.008.01;J02-C2-09;15288
2023-01-31 08:00:00;844;10221108;A.008.01;J02-C2-10;20400
2023-01-31 08:00:00;845;26221202;A.008.01;J02-C2-07;180
2023-01-31 08:00:00;846;10220605;A.008.01;J02-C2-09;156
2023-01-31 08:00:00;847;10220707;A.008.01;J02-C2-09;768
2023-01-31 08:00:00;848;10220806;A.008.01;J02-C2-09;636
2023-01-31 08:00:00;849;26220903;A.008.01;J02-C2-09;8
2023-01-31 08:00:00;850;26220601;A.008.01;J02-C2-09;4
2023-01-31 08:00:00;851;26220802;A.008.01;J02-C2-09;4
2023-01-31 08:00:00;852;26221101;A.008.01;J02-C2-09;1
2023-01-31 08:00:00;853;10220409;A.008.01;J02-C2-09;171
2023-01-31 08:00:00;854;28320101;D.003.01;J02-E2-08;250000
2023-01-31 08:00:00;855;13220807;D.003.01;J02-D2-30;190000
2023-01-31 08:00:00;856;1220614;A.001.01;J02-A0-01;395
2023-01-31 08:00:00;857;149810901;B.010.02;J02-H2-33;47
2023-01-31 08:00:00;858;149810902;B.010.02;J02-H2-33;1716
2023-01-31 08:00:00;859;149810903;B.010.02;J02-H2-33;1272
2023-01-31 08:00:00;860;149810903;B.010.02;J02-H2-34;12
2023-01-31 08:00:00;861;149810904;B.010.02;J02-H2-34;1860
2023-01-31 08:00:00;862;149811001;B.010.02;J02-H2-35;1464
2023-01-31 08:00:00;863;149811002;B.010.02;J02-H2-35;48
2023-01-31 08:00:00;864;149811002;B.010.02;J02-H2-36;2664
2023-01-31 08:00:00;865;149811002;B.010.02;J02-H2-38;12
2023-01-31 08:00:00;866;149811003;B.010.02;J02-H2-38;2650
2023-01-31 08:00:00;867;149811003;B.010.02;J02-H2-37;6
2023-01-31 08:00:00;868;149811004;B.010.02;J02-H2-37;2874
2023-01-31 08:00:00;869;149811004;B.010.02;J02-H2-39;4
2023-01-31 08:00:00;870;149811005;B.010.02;J02-H2-39;2876
2023-01-31 08:00:00;871;149811005;B.010.02;J02-H2-40;3
2023-01-31 08:00:00;872;149811006;B.010.02;J02-H2-40;1365
2023-01-31 08:00:00;873;1220920;A.001.01;J02-A0-07;213
2023-01-31 08:00:00;874;1221001;A.001.01;J02-A0-07;64787
2023-01-31 08:00:00;875;1221009;A.001.01;J02-A0-24;220
2023-01-31 08:00:00;876;1221208;A.001.01;J02-A2-31;35
2023-01-31 08:00:00;877;1221201;A.001.01;J02-A2-20;735
2023-01-31 08:00:00;878;1221121;A.001.01;J02-A2-10;560
2023-01-31 08:00:00;879;13220632;D.003.01;J02-F1-01;2900
2023-01-31 08:00:00;880;28320102;D.003.01;J02-E2-12;250000
2023-01-31 08:00:00;881;13220903;D.003.01;J02-D0-38;30000
2023-01-31 08:00:00;882;13221102;D.003.01;J02-E0-25;90000
2023-01-31 08:00:00;883;13221103;D.003.01;J02-E0-39;20000
2023-01-31 08:00:00;884;13221104;D.003.01;J02-E1-31;250000
2023-01-31 08:00:00;885;13221104;D.003.01;J02-E1-32;250000
2023-01-31 08:00:00;886;28320102;D.003.01;J02-E2-09;250000
2023-01-31 08:00:00;887;28320102;D.003.01;J02-E2-10;250000
2023-01-31 08:00:00;888;28320102;D.003.01;J02-E2-11;250000
2023-01-31 08:00:00;889;28320102;D.003.01;J02-E2-13;250000
2023-01-31 08:00:00;890;28320102;D.003.01;J02-E2-14;250000
2023-01-31 08:00:00;891;1221212;A.001.01;J02-A2-42;220
2023-01-31 08:00:00;892;1221213;A.001.01;J02-A2-42;30780
2023-01-31 08:00:00;893;1221213;A.001.01;J02-A2-43;29000
2023-01-31 08:00:00;894;1221213;A.001.01;J02-A2-44;140
2023-01-31 08:00:00;895;1221214;A.001.01;J02-A2-44;33860
2023-01-31 08:00:00;896;1221214;A.001.01;J02-A2-45;32000
2023-01-31 08:00:00;897;1221214;A.001.01;J02-A2-46;100
2023-01-31 08:00:00;898;1221215;A.001.01;J02-A2-46;32900
2023-01-31 08:00:00;899;26320102;A.008.01;J02-C1-08;21600
2023-01-31 08:00:00;900;26320102;A.008.01;J02-C1-12;9192
2023-01-31 08:00:00;901;26320103;A.008.01;J02-C1-12;12408
2023-01-31 08:00:00;902;26320103;A.008.01;J02-C1-13;21600
2023-01-31 08:00:00;903;13221104;D.003.01;J02-D1-01;60000
2023-01-31 08:00:00;904;13320101;D.003.01;J02-D1-01;180000
2023-01-31 08:00:00;905;13320101;D.003.01;J02-D1-02;250000
2023-01-31 08:00:00;906;13320101;D.003.01;J02-D1-03;250000
2023-01-31 08:00:00;907;160120301;K.003.01;J02-G0-38;288
2023-01-31 08:00:00;908;84611101;K.003.02;J02-G0-39;720
2023-01-31 08:00:00;909;16320101;K.001.01;J02-H2-20;432
2023-01-31 08:00:00;910;16320104;K.001.01;J02-H2-26;361
2023-01-31 08:00:00;911;16320104;K.001.01;J02-H2-27;1728
2023-01-31 08:00:00;912;16320104;K.001.01;J02-H2-28;967
2023-01-31 08:00:00;913;16320105;K.001.01;J02-H2-28;761
2023-01-31 08:00:00;914;16320105;K.001.01;J02-H0-02;1728
2023-01-31 08:00:00;915;4320101;G.001.02;J02-F0-23;8220
2023-01-31 08:00:00;916;4320101;G.001.02;J02-F0-24;4860
2023-01-31 08:00:00;917;4320102;G.001.02;J02-F0-24;8160
2023-01-31 08:00:00;918;4320103;G.001.02;J02-F0-24;11460
2023-01-31 08:00:00;919;4320103;G.001.02;J02-F0-25;3648
2023-01-31 08:00:00;920;5320101;G.001.01;J02-F0-05;7200
2023-01-31 08:00:00;921;5320102;G.001.01;J02-F0-05;1440
2023-01-31 08:00:00;922;5320102;G.001.01;J02-F0-06;28080
2023-01-31 08:00:00;923;5320103;G.001.01;J02-F0-06;7920
2023-01-31 08:00:00;924;5320101;G.001.01;J02-F0-07;564
2023-01-31 08:00:00;925;5320102;G.001.01;J02-F0-07;1464
2023-01-31 08:00:00;926;5320103;G.001.01;J02-F0-07;28932
2023-01-31 08:00:00;927;103320101;E.001.01;J02-G2-28;380000
2023-01-31 08:00:00;928;103320102;E.001.01;J02-G2-29;400000
2023-01-31 08:00:00;929;10221105;A.008.01;J02-C2-09;804
2023-01-31 08:00:00;930;10221108;A.008.01;J02-C2-09;1020
2023-01-31 08:00:00;931;10220219;A.008.02;J02-C1-38;1180
2023-01-31 08:00:00;932;199320101;A.004.01;J02-C3-01;2676
2023-01-31 08:00:00;933;28320102;D.003.01;J02-E2-15;250000
2023-01-31 08:00:00;934;28320102;D.003.01;J02-E2-16;250000
2023-01-31 08:00:00;935;28320103;D.003.01;J02-E2-17;250000
2023-01-31 08:00:00;936;28320103;D.003.01;J02-E2-18;250000
2023-01-31 08:00:00;937;28320103;D.003.01;J02-E2-19;250000
2023-01-31 08:00:00;938;28320103;D.003.01;J02-E2-20;250000
2023-01-31 08:00:00;939;28320103;D.003.01;J02-E2-21;250000
2023-01-31 08:00:00;940;28320103;D.003.01;J02-E2-22;250000
2023-01-31 08:00:00;941;1221215;A.001.01;J02-B0-01;34000
2023-01-31 08:00:00;942;1221215;A.001.01;J02-B0-02;467
2023-01-31 08:00:00;943;1221216;A.001.01;J02-B0-02;31533
2023-01-31 08:00:00;944;1221216;A.001.01;J02-B0-03;29000
2023-01-31 08:00:00;945;1221217;A.001.01;J02-B0-04;28000
2023-01-31 08:00:00;946;1221216;A.001.01;J02-B0-05;360
2023-01-31 08:00:00;947;1221217;A.001.01;J02-B0-05;31640
2023-01-31 08:00:00;948;1221217;A.001.01;J02-B0-06;500
2023-01-31 08:00:00;949;1320101;A.001.01;J02-B0-06;33500
2023-01-31 08:00:00;950;1320101;A.001.01;J02-B0-07;33000
2023-01-31 08:00:00;951;1320102;A.001.01;J02-B0-08;34000
2023-01-31 08:00:00;952;1320101;A.001.01;J02-B0-12;420
2023-01-31 08:00:00;953;1320102;A.001.01;J02-B0-12;33580
2023-01-31 08:00:00;954;1320102;A.001.01;J02-B0-13;840
2023-01-31 08:00:00;955;1320103;A.001.01;J02-B0-13;31160
2023-01-31 08:00:00;956;1320103;A.001.01;J02-B0-14;30000
2023-01-31 08:00:00;957;1320104;A.001.01;J02-B0-15;33000
2023-01-31 08:00:00;958;1320103;A.001.01;J02-B0-16;395
2023-01-31 08:00:00;959;1320104;A.001.01;J02-B0-16;32605
2023-01-31 08:00:00;960;1320104;A.001.01;J02-B0-17;420
2023-01-31 08:00:00;961;1320105;A.001.01;J02-B0-17;32580
2023-01-31 08:00:00;962;1320105;A.001.01;J02-B0-18;34000
2023-01-31 08:00:00;963;1320106;A.001.01;J02-B0-19;34000
2023-01-31 08:00:00;964;1320105;A.001.01;J02-B0-20;880
2023-01-31 08:00:00;965;1320106;A.001.01;J02-B0-20;33120
2023-01-31 08:00:00;966;1320106;A.001.01;J02-B0-21;700
2023-01-31 08:00:00;967;1320107;A.001.01;J02-B0-21;30300
2023-01-31 08:00:00;968;1320107;A.001.01;J02-B0-22;34000
2023-01-31 08:00:00;969;1320107;A.001.01;J02-B0-23;620
2023-01-31 08:00:00;970;1320108;A.001.01;J02-B0-23;33380
2023-01-31 08:00:00;971;1320108;A.001.01;J02-B0-24;35000
2023-01-31 08:00:00;972;1320109;A.001.01;J02-B0-25;33000
2023-01-31 08:00:00;973;1320108;A.001.01;J02-B0-26;780
2023-01-31 08:00:00;974;1320109;A.001.01;J02-B0-26;28220
2023-01-31 08:00:00;975;1320109;A.001.01;J02-B0-27;948
2023-01-31 08:00:00;976;1320110;A.001.01;J02-B0-27;31052
2023-01-31 08:00:00;977;1320110;A.001.01;J02-B0-31;36000
2023-01-31 08:00:00;978;1320110;A.001.01;J02-B0-32;402
2023-01-31 08:00:00;979;1320111;A.001.01;J02-B0-32;32598
2023-01-31 08:00:00;980;1320111;A.001.01;J02-B0-33;33000
2023-01-31 08:00:00;981;1320111;A.001.01;J02-B0-34;369
2023-01-31 08:00:00;982;1320112;A.001.01;J02-B0-34;34631
2023-01-31 08:00:00;983;1320112;A.001.01;J02-B0-35;34000
2023-01-31 08:00:00;984;12220908;J.001.01;J02-G2-31;100
2023-01-31 08:00:00;985;12320101;J.001.01;J02-G2-31;21500
2023-01-31 08:00:00;986;12320101;J.001.01;J02-G2-32;80
2023-01-31 08:00:00;987;12320102;J.001.01;J02-G2-32;21520
2023-01-31 08:00:00;988;12320102;J.001.01;J02-G2-33;60
2023-01-31 08:00:00;989;12320103;J.001.01;J02-G2-33;21540
2023-01-31 08:00:00;990;12320103;J.001.01;J02-G2-34;20
2023-01-31 08:00:00;991;12320104;J.001.01;J02-G2-34;21580
2023-01-31 08:00:00;992;12320105;J.001.01;J02-G2-35;21580
2023-01-31 08:00:00;993;12320106;J.001.01;J02-G2-35;20
2023-01-31 08:00:00;994;12320106;J.001.01;J02-G2-36;21540
2023-01-31 08:00:00;995;12320107;J.001.01;J02-G2-36;60
2023-01-31 08:00:00;996;12320107;J.001.01;J02-G2-37;21520
2023-01-31 08:00:00;997;12320108;J.001.01;J02-G2-37;80
2023-01-31 08:00:00;998;12320108;J.001.01;J02-G2-38;21500
2023-01-31 08:00:00;999;12320109;J.001.01;J02-G2-38;100
2023-01-31 08:00:00;1000;12320109;J.001.01;J02-G2-39;21480
2023-01-31 08:00:00;1001;1320112;A.001.01;J02-B0-36;80
2023-01-31 08:00:00;1002;1320113;A.001.01;J02-B0-36;31920
2023-01-31 08:00:00;1003;1320113;A.001.01;J02-B0-37;33000
2023-01-31 08:00:00;1004;1320114;A.001.01;J02-B0-38;33000
2023-01-31 08:00:00;1005;1320113;A.001.01;J02-B0-39;720
2023-01-31 08:00:00;1006;1320114;A.001.01;J02-B0-39;33280
2023-01-31 08:00:00;1007;1320114;A.001.01;J02-B0-40;360
2023-01-31 08:00:00;1008;1320115;A.001.01;J02-B0-40;32640
2023-01-31 08:00:00;1009;1320115;A.001.01;J02-B0-41;31000
2023-01-31 08:00:00;1010;1320115;A.001.01;J02-B0-42;703
2023-01-31 08:00:00;1011;1320116;A.001.01;J02-B0-42;31297
2023-01-31 08:00:00;1012;1320116;A.001.01;J02-B1-42;36000
2023-01-31 08:00:00;1013;1320117;A.001.01;J02-B1-41;31000
2023-01-31 08:00:00;1014;1320116;A.001.01;J02-B1-40;520
2023-01-31 08:00:00;1015;1320117;A.001.01;J02-B1-40;31480
2023-01-31 08:00:00;1016;1320118;A.001.01;J02-B1-39;30000
2023-01-31 08:00:00;1017;1320117;A.001.01;J02-B1-38;680
2023-01-31 08:00:00;1018;1320118;A.001.01;J02-B1-38;31320
2023-01-31 08:00:00;1019;1320119;A.001.01;J02-B1-37;32000
2023-01-31 08:00:00;1020;1320118;A.001.01;J02-B1-36;880
2023-01-31 08:00:00;1021;1320119;A.001.01;J02-B1-36;32120
2023-01-31 08:00:00;1022;1320119;A.001.01;J02-B1-35;200
2023-01-31 08:00:00;1023;1320120;A.001.01;J02-B1-35;31800
2023-01-31 08:00:00;1024;1320120;A.001.01;J02-B1-34;32000
2023-01-31 08:00:00;1025;1320120;A.001.01;J02-B1-33;620
2023-01-31 08:00:00;1027;199320102;A.004.01;J02-C3-01;4320
2023-01-31 08:00:00;1028;32220101;A.005.01;J02-C1-24;20400
2023-01-31 08:00:00;1029;32220101;A.005.01;J02-C1-23;21600
2023-01-31 08:00:00;1030;32220101;A.005.01;J02-C1-22;21600
2023-01-31 08:00:00;1031;32320101;A.005.01;J02-C1-21;3348
2023-01-31 08:00:00;1032;32320102;A.005.01;J02-C1-21;18252
2023-01-31 08:00:00;1033;32320102;A.005.01;J02-C1-20;21600
2023-01-31 08:00:00;1034;32320102;A.005.01;J02-C2-20;21600
2023-01-31 08:00:00;1035;32320102;A.005.01;J02-C2-21;10800
2023-01-31 08:00:00;1036;140320101;A.007.01;J02-C1-40;2800
2023-01-31 08:00:00;1037;26320104;A.008.01;J02-C1-14;13056
2023-01-31 08:00:00;1038;26320105;A.008.01;J02-C1-14;8544
2023-01-31 08:00:00;1039;26320103;A.008.01;J02-C1-15;312
2023-01-31 08:00:00;1040;26320104;A.008.01;J02-C1-15;20088
2023-01-31 08:00:00;1041;26320105;A.008.01;J02-C1-15;1200
2023-01-31 08:00:00;1042;26320105;A.008.01;J02-C1-16;21600
2023-01-31 08:00:00;1043;26320105;A.008.01;J02-C1-17;1236
2023-01-31 08:00:00;1045;28320103;D.003.01;J02-E2-23;250000
2023-01-31 08:00:00;1046;28320103;D.003.01;J02-E2-24;230000
2023-01-31 08:00:00;1047;13121103;D.003.01;J02-D0-12;250000
2023-01-31 08:00:00;1048;13121103;D.003.01;J02-D0-13;130000
2023-01-31 08:00:00;1049;13221201;D.003.01;J02-D0-13;114400
2023-01-31 08:00:00;1050;13221201;D.003.01;J02-D0-14;250000
2023-01-31 08:00:00;1051;13221201;D.003.01;J02-D0-15;250000
2023-01-31 08:00:00;1052;13221203;D.003.01;J02-D0-16;250000
2023-01-31 08:00:00;1053;13221203;D.003.01;J02-D0-17;250000
2023-01-31 08:00:00;1054;13320106;D.003.01;J02-D2-28;120000
2023-01-31 08:00:00;1055;13320101;D.003.01;J02-D1-04;250000
2023-01-31 08:00:00;1056;13320101;D.003.01;J02-D1-05;250000
2023-01-31 08:00:00;1057;13320101;D.003.01;J02-D1-06;250000
2023-01-31 08:00:00;1058;13320101;D.003.01;J02-D1-07;250000
2023-01-31 08:00:00;1059;13320101;D.003.01;J02-D1-08;210000
2023-01-31 08:00:00;1060;103320102;E.001.01;J02-G2-30;400000
2023-01-31 08:00:00;1061;103320102;E.001.01;J02-G2-31;200000
2023-01-31 08:00:00;1062;177221001;I.001.02;J02-G0-22;2826
2023-01-31 08:00:00;1063;18121203;I.002.01;J02-G0-19;525
2023-01-31 08:00:00;1064;16320104;K.001.01;J02-H0-01;447
2023-01-31 08:00:00;1065;16320106;K.001.01;J02-H0-01;1086
2023-01-31 08:00:00;1066;16320105;K.001.01;J02-H0-01;195
2023-01-31 08:00:00;1067;16320106;K.001.01;J02-H0-03;1728
2023-01-31 08:00:00;1068;16320106;K.001.01;J02-H0-04;719
2023-01-31 08:00:00;1069;16320107;K.001.01;J02-H0-04;1009
2023-01-31 08:00:00;1070;16320107;K.001.01;J02-H0-05;1728
2023-01-31 08:00:00;1071;16320107;K.001.01;J02-H0-06;829
2023-01-31 08:00:00;1072;16320108;K.001.01;J02-H0-06;755
2023-01-31 08:00:00;1073;5320104;G.001.01;J02-F0-07;5760
2023-01-31 08:00:00;1074;5320103;G.001.01;J02-F0-08;1320
2023-01-31 08:00:00;1075;5320104;G.001.01;J02-F0-08;11640
2023-01-31 08:00:00;1076;5320105;G.001.01;J02-F0-08;15840
2023-01-31 08:00:00;1077;5320106;G.001.01;J02-F0-08;7200
2023-01-31 08:00:00;1078;5320106;G.001.01;J02-G0-08;6480
2023-01-31 08:00:00;1079;5320107;G.001.01;J02-G0-08;25920
2023-01-31 08:00:00;1080;4320104;G.001.02;J02-F0-25;11244
2023-01-31 08:00:00;1081;4320105;G.001.02;J02-F0-25;4188
2023-01-31 08:00:00;1082;4320105;G.001.02;J02-F0-26;14616
2023-01-31 08:00:00;1083;4320106;G.001.02;J02-F0-26;3744
2023-01-31 08:00:00;1084;4320107;G.001.02;J02-F0-26;360
2023-01-31 08:00:00;1085;4320107;G.001.02;J02-F0-27;15840
2023-01-31 08:00:00;1086;4320107;G.001.02;J02-F0-12;96
2023-01-31 08:00:00;1087;4320108;G.001.02;J02-F0-12;14688
2023-01-31 08:00:00;1088;4320109;G.001.02;J02-F0-12;3576
2023-01-31 08:00:00;1089;32910606;A.005.01R;J02-C2-13;5
2023-01-31 08:00:00;1090;32021202;A.005.01R;J02-C2-13;10
2023-01-31 08:00:00;1091;32120702;A.005.01R;J02-C2-13;1
2023-01-31 08:00:00;1092;32910808;A.005.01R;J02-C2-13;76
2023-01-31 08:00:00;1093;179020401;A.009.01R;J02-C3-32;12
2023-01-31 08:00:00;1094;32910512;A.005.02R;J02-C2-34;10
2023-01-31 08:00:00;1095;32120101;A.005.02R;J02-C2-34;160
2023-01-31 08:00:00;1096;10910503;A.008.02R;J02-C1-35;40
2023-01-31 08:00:00;1097;10910512;A.008.02R;J02-C1-35;10
2023-01-31 08:00:00;1098;10911202;A.008.01R;J02-C1-11;10
2023-01-31 08:00:00;1099;10020913;A.008.01R;J02-C1-11;10
2023-01-31 08:00:00;1100;10020102;A.008.01R;J02-C1-11;5
2023-01-31 08:00:00;1101;232021201;B.002.01R;J02-H1-38;36
2023-01-31 08:00:00;1102;232221001;B.002.01R;J02-H1-38;204
2023-01-31 08:00:00;1103;13021203;D.003.01R;J02-E0-01;4000
2023-01-31 08:00:00;1104;13120115;D.003.01R;J02-E0-01;4700
2023-01-31 08:00:00;1105;13120326;D.003.01R;J02-E0-01;200
2023-01-31 08:00:00;1106;214910260;D.008.01R;J02-D3-40;400
2023-01-31 08:00:00;1107;35910407;D.009.01R;J02-D3-42;300
2023-01-31 08:00:00;1108;35910408;D.009.01R;J02-D3-42;3200
2023-01-31 08:00:00;1109;103121101;E.001.01R;J02-G1-26;1300
2023-01-31 08:00:00;1110;7911046;G.001.04R;J02-G0-12;7
2023-01-31 08:00:00;1111;7120924;G.001.04R;J02-G0-12;17
2023-01-31 08:00:00;1112;8910530;G.001.05R;J02-G0-14;95
2023-01-31 08:00:00;1113;8120925;G.001.05R;J02-G0-14;6
2023-01-31 08:00:00;1114;9810861;G.001.06R;J02-G0-17;284
2023-01-31 08:00:00;1115;39910203;I.002.03R;J02-G0-18;18
2023-01-31 08:00:00;1116;39120401;I.002.03R;J02-G0-18;1
2023-01-31 08:00:00;1117;18910201;I.002.01R;J02-G0-19;4
2023-01-31 08:00:00;1118;19120401;I.002.02R;J02-G0-20;19
2023-01-31 08:00:00;1119;12120803;J.001.01R;J02-G2-38;20
2023-01-31 08:00:00;1120;16910147;K.001.01R;J02-H2-29;71
2023-01-31 08:00:00;1121;16120205;K.001.01R;J02-H2-29;80
2023-01-31 08:00:00;1122;28120204;D.003.01R;J02-E0-01;200
2023-01-31 08:00:00;1123;28120308;D.003.01R;J02-E0-01;600
2023-01-31 08:00:00;1124;84610201;K.003.02R;J02-G0-39;40
2023-01-31 08:00:00;1125;85610201;K.003.03R;J02-G0-40;35
2023-01-31 08:00:00;1126;86611104;K.004.02R;J02-G1-41;2
2023-01-31 08:00:00;1127;86611102;K.004.03R;J02-G1-42;14
2023-01-31 08:00:00;1128;86611106;K.004.03R;J02-G1-42;3
2023-01-31 08:00:00;1129;122020501;J.003.01R;J02-H0-01;84
2023-01-31 08:00:00;1130;122121104;J.003.01R;J02-H0-01;12
2023-01-31 08:00:00;1131;122120401;J.004.01R;J02-H0-04;8
2023-01-31 08:00:00;1132;16230105;K.001.01R;J02-H2-29;16
2023-01-31 08:00:00;1134;1320121;A.001.01;J02-B1-33;33380
2023-01-31 08:00:00;1135;1320121;A.001.01;J02-B1-32;30000
2023-01-31 08:00:00;1136;1320121;A.001.01;J02-B1-31;500
2023-01-31 08:00:00;1137;1320122;A.001.01;J02-B1-31;34500
2023-01-31 08:00:00;1138;1320122;A.001.01;J02-B1-27;35000
2023-01-31 08:00:00;1139;1320122;A.001.01;J02-B1-26;415
2023-01-31 08:00:00;1141;1320123;A.001.01;J02-B1-25;30000
2023-01-31 08:00:00;1142;1320123;A.001.01;J02-B1-26;33585
2023-01-31 08:00:00;1143;1320123;A.001.01;J02-B1-24;960
2023-01-31 08:00:00;1144;1320124;A.001.01;J02-B1-24;30040
2023-01-31 08:00:00;1145;1320124;A.001.01;J02-B1-23;27000
2023-01-31 08:00:00;1146;1320124;A.001.01;J02-B1-22;480
2023-01-31 08:00:00;1147;1320125;A.001.01;J02-B1-22;30520
2023-01-31 08:00:00;1148;1320125;A.001.01;J02-B1-21;30000
2023-01-31 08:00:00;1149;1320125;A.001.01;J02-B1-20;160
2023-01-31 08:00:00;1150;1320126;A.001.01;J02-B1-20;31840
2023-01-31 08:00:00;1151;1320126;A.001.01;J02-B1-19;31000
2023-01-31 08:00:00;1152;1320126;A.001.01;J02-B1-18;158
2023-01-31 08:00:00;1154;1320127;A.001.01;J02-B1-17;38000
2023-01-31 08:00:00;1155;1320127;A.001.01;J02-B1-18;28842
2023-01-31 08:00:00;1156;1320127;A.001.01;J02-B1-16;80
2023-01-31 08:00:00;1157;1320128;A.001.01;J02-B1-16;30920
2023-01-31 08:00:00;1158;1320128;A.001.01;J02-B1-15;32000
2023-01-31 08:00:00;1159;1320128;A.001.01;J02-B1-14;160
2023-01-31 08:00:00;1160;1320129;A.001.01;J02-B1-14;27840
2023-01-31 08:00:00;1161;1320129;A.001.01;J02-B1-13;34000
2023-01-31 08:00:00;1163;1320129;A.001.01;J02-B1-12;280
2023-01-31 08:00:00;1164;1320130;A.001.01;J02-B1-12;30720
2023-01-31 08:00:00;1165;1320130;A.001.01;J02-B1-08;34000
2023-01-31 08:00:00;1166;1320130;A.001.01;J02-B1-07;740
2023-01-31 08:00:00;1167;240221201;A.001.01;J02-C3-07;400
2023-01-31 08:00:00;1168;240320101;A.001.01;J02-C3-07;27600
2023-02-10 15:35:00;1169;1320131;A.001.01;J02-B1-07;34260
2023-01-31 08:00:00;1170;1320131;A.001.01;J02-B1-06;34000
2023-01-31 08:00:00;1171;1320131;A.001.01;J02-B1-05;820
2023-01-31 08:00:00;1172;1320132;A.001.01;J02-B1-05;26180
2023-01-31 08:00:00;1173;1320132;A.001.01;J02-B1-04;32000
2023-01-31 08:00:00;1174;1320132;A.001.01;J02-B1-03;714
2023-01-31 08:00:00;1175;1320133;A.001.01;J02-B1-02;62286
2023-01-31 08:00:00;1176;1320133;A.001.01;J02-B1-01;40
2023-01-31 08:00:00;1179;26320106;A.008.01;J02-C1-17;20364
2023-01-31 08:00:00;1180;26320106;A.008.01;J02-C1-18;12651
2023-01-31 08:00:00;1181;26320107;A.008.01;J02-C1-18;8949
2023-01-31 08:00:00;1182;26320107;A.008.01;J02-C1-19;21600
2023-01-31 08:00:00;1183;26320107;A.008.01;J02-C2-19;1929
2023-01-31 08:00:00;1184;26320108;A.008.01;J02-C2-19;19671
2023-01-31 08:00:00;1185;26320108;A.008.01;J02-C2-18;8400
2023-01-31 08:00:00;1186;26221203;A.008.02;J02-C1-39;940
2023-01-31 08:00:00;1187;26320201;A.008.02;J02-C1-39;29060
2023-01-31 08:00:00;1188;13221103;D.003.01;J02-D0-13;5600
2023-01-31 08:00:00;1190;13221203;D.003.01;J02-D0-24;149200
2023-01-31 08:00:00;1191;13221201;D.003.01;J02-D0-24;55800
